{
  "Version": "b664a4dd-e984-4f4b-ab80-e5b65e00ef9b",
  "RegexTypes": [
    {
      "RegExPattern": "\\b[1-5]\\b",
      "CustomTypeSchema": "RegexPattern",
      "Id": "new_customtype_018a41eef9f4442281cb42b7ce084311_92610204747047ac8f788f7eecd91118",
      "DisplayName": "CSAT Rating",
      "CreatedTime": "2019-01-15T00:00:00",
      "UpdatedTime": "2019-01-15T00:00:00",
      "CreatedUserId": "user0",
      "UpdatedUserId": "user0"
    }
  ],
  "SystemIntentIds": {},
  "SystemVariableIds": {},
  "SystemNamedEntityIds": {}
}