{"properties":{"connectionReferences":{"shared_office365_1":{"runtimeSource":"embedded","connection":{},"api":{"name":"shared_office365"}},"shared_commondataservice":{"runtimeSource":"embedded","connection":{},"api":{"name":"shared_commondataservice"}}},"definition":{"$schema":"https://schema.management.azure.com/providers/Microsoft.Logic/schemas/2016-06-01/workflowdefinition.json#","contentVersion":"1.0.0.0","parameters":{"$connections":{"defaultValue":{},"type":"Object"},"$authentication":{"defaultValue":{},"type":"SecureObject"}},"triggers":{"When_a_record_is_created":{"type":"OpenApiConnectionWebhook","inputs":{"host":{"connectionName":"shared_commondataservice","operationId":"SubscribeOnNewItems","apiId":"/providers/Microsoft.PowerApps/apis/shared_commondataservice"},"parameters":{"dataset":"default.cds","table":"salesorders","scope":"Organization"},"authentication":"@parameters('$authentication')"}}},"actions":{"Send_an_email_(V2)":{"runAfter":{"Update_a_record":["Succeeded"]},"type":"OpenApiConnection","inputs":{"host":{"connectionName":"shared_office365_1","operationId":"SendEmailV2","apiId":"/providers/Microsoft.PowerApps/apis/shared_office365"},"parameters":{"emailMessage/To":"@triggerOutputs()?['body/rsm_customeremail']","emailMessage/Subject":"Order Confirmation","emailMessage/Body":"<table style=\"border-collapse: collapse; border-spacing: 0; display: table; padding: 0; position: relative; text-align: left; vertical-align: top; width: 90%;\" class=\"row\">             <p>                <tbody>\n                <tr style=\"padding: 0; text-align: left; vertical-align: center;\">\n                  <th style=\"Margin: 0 auto; color: #0a0a0a; font-family: Helvetica,Arial,sans-serif; font-size: 16px; font-weight: 400; line-height: 19px; margin: 0 auto; padding: 0; padding-bottom: 16px; padding-left: 0; padding-right: 0; text-align: left; width: 580px;\" class=\"small-12 large-12 columns\">\n                    <table style=\"border-collapse: collapse; border-spacing: 0; padding: 0; text-align: left; vertical-align: center; width: 100%;\">\n                      <tbody><tr style=\"padding: 0; text-align: left; vertical-align: center;\">\n                        <th style=\"Margin: 0; background-color: #3F9C35; color: #0a0a0a; font-family: Helvetica,Arial,sans-serif; font-size: 16px; font-weight: 400; height: 20px; line-height: 19px; margin: 0; padding: 0; padding-bottom: 4px; padding-left: 16px; padding-top: 4px; text-align: left;\" class=\"top-banner\" valign=\"middle\">\n                          <!--EDIT Top Banner content here-->\n                          <p style=\"-moz-hyphens: none; -ms-hyphens: none; -webkit-hyphens: none; Margin: 0; color: #fff; font-family: Helvetica,Arial,sans-serif; font-size: 14px; font-weight: 400; hyphens: none; line-height: 1; margin: 0; padding: 0; text-align: left; word-break: keep-all;\" class=\"\"><br></p>\n                        </th>\n                      </tr>\n                    </tbody></table>\n                  </th>\n                </tr>\n                </tbody>\n              </table>\n <table style=\"border-collapse: collapse; border-spacing: 0; display: table; padding: 0; position: relative; text-align: left; vertical-align: center; width: 100%;\" class=\"row\">\n                <tbody>\n                <tr style=\"padding: 0; text-align: left; vertical-align: center;\">\n                  <th style=\"Margin: 0 auto; color: #0a0a0a; font-family: Helvetica,Arial,sans-serif; font-size: 16px; font-weight: 400; line-height: 19px; margin: 0 auto; padding: 0; padding-bottom: 16px; padding-left: 16px; padding-right: 8px; text-align: left; width: 370.66667px;\" class=\"small-8 large-8 columns first\">\n                    <table style=\"border-collapse: collapse; border-spacing: 0; padding: 0; text-align: left; vertical-align: center; width: 100%;\">\n                      <tbody><tr style=\"padding: 0; text-align: left; vertical-align: center;\">\n                        <th class=\"\" style=\"Margin: 0; color: #0a0a0a; font-family: Helvetica,Arial,sans-serif; font-size: 16px; font-weight: 400; line-height: 19px; margin: 0; padding: 0; text-align: left;\">\n                          <!--EDIT Main Header and Details here-->\n                          <h1 style=\"-moz-hyphens: none; -ms-hyphens: none; -webkit-hyphens: none; Margin: 0; color: #009ada; font-family: Helvetica,Arial,sans-serif; font-size: 22px; font-weight: 700; hyphens: none; line-height: 1.3; padding: 0; text-align: left; word-break: keep-all; word-wrap: normal;\" class=\"main-header\">Order Confirmation</h1>\n                        </th>\n                      </tr>\n                    </tbody></table>\n                  </th>\n                  <!--RSM Logo Image-->\n                  <th style=\"Margin: 0 auto; color: #0a0a0a; font-family: Helvetica,Arial,sans-serif; font-size: 16px; font-weight: 400; line-height: 19px; margin: 0 auto; padding: 0; padding-bottom: 16px; padding-left: 8px;  padding-right: 26px; text-align: left; width: 177.33333px;\" class=\"small-4 large-4 columns last\">\n                    <table style=\"border-collapse: collapse; border-spacing: 0; padding: 0; text-align: left; vertical-align: center; width: 100%;\">\n                      <tbody><tr style=\"padding: 0; text-align: left; vertical-align: center;\">\n                        <th style=\"Margin: 0; color: #0a0a0a; font-family: Helvetica,Arial,sans-serif; font-size: 16px; font-weight: 400; line-height: 19px; margin: 0; padding: 0; text-align: left;\">\n                          <img class=\"\" style=\"-ms-interpolation-mode: bicubic; clear: both; display: block; max-width: 100%; outline: none; text-decoration: none; width: 177px;\" alt=\"RSM\" src=\"http://images.response.rsmus.com/EloquaImages/clients/McGladrey/%7B6b68ff07-27ef-4a3d-8b34-f80c915c3ce1%7D_RSM_Standard_Logo_RGB.png\" width=\"177.333\">\n                        </th>\n                      </tr>\n                    </tbody></table>\n                  </th>\n                  <!--End RSM Logo Image-->\n\n                        </th>\n                      </tr>\n                    </tbody></table>\n                  </th>\n                </tr>\n                </tbody>\n              </table>\n<br>\n<div style=\"font-family: Helvetica,Arial,sans-serif; font-size: 16px; font-weight: 400;\">\nHello @{triggerOutputs()?['body/rsm_customername']},<br>\n<br>\nThank you for placing an order for Curbside Pickup. Your order number is <strong> @{triggerOutputs()?['body/ordernumber']} </strong>. We are excited to see you!<br>\n<br>\n<table style=\"border-collapse: collapse; border-spacing: 0; padding: 0; text-align: left; vertical-align: top; width: 100%;\">\n                      <tbody><tr style=\"padding: 0; text-align: left; vertical-align: top;\">\n                        <th style=\"Margin: 0; color: #0a0a0a; font-family: Helvetica,Arial,sans-serif; font-size: 16px; font-weight: 400; line-height: 19px; margin: 0; padding: 0; text-align: left;\" class=\"\">\n                          <h4 style=\"-moz-hyphens: none; -ms-hyphens: none; -webkit-hyphens: none; Margin: 0; Margin-bottom: 32px; color: #009ada; font-family: Helvetica,Arial,sans-serif; font-size: 16px; font-weight: 400; hyphens: none; line-height: 1.3; padding: 0; text-align: left; word-break: keep-all; word-wrap: normal;\" class=\"\"><strong class=\"\">Estimated pickup time</strong><br>@{body('Convert_time_zone')}<br></h4>\n                          <h4 style=\"margin: 0px 0px 0px; color: rgb(0, 154, 218); font-family: Helvetica,Arial,sans-serif; font-size: 16px; font-weight: 400; hyphens: none; line-height: 1.3; padding: 0px; text-align: left; word-break: keep-all; overflow-wrap: normal; border-style: none;\" class=\"\"><strong>Where</strong><br>2853 University St.<br>Seatle, WA 98155</h4>\n                        </th>\n                      </tr>\n                    </tbody>\n                  </table>\n<br>\nThanks, \n<br>\nRSM Curbside Pickup\n<br>\n<br>\nCustomer Service \n<br>\ncustomerservice@email.com\n<br>\n(555) 555-5555\n<br>\n</div>"},"authentication":"@parameters('$authentication')"}},"Update_a_record":{"runAfter":{"Convert_time_zone":["Succeeded"]},"type":"OpenApiConnection","inputs":{"host":{"connectionName":"shared_commondataservice","operationId":"PatchItem_V2","apiId":"/providers/Microsoft.PowerApps/apis/shared_commondataservice"},"parameters":{"dataset":"default.cds","table":"salesorders","id":"@triggerOutputs()?['body/salesorderid']","item/rsm_estimatedpickuptime":"@body('Add_to_time')"},"authentication":"@parameters('$authentication')"}},"Add_to_time":{"runAfter":{},"type":"Expression","kind":"AddToTime","inputs":{"baseTime":"@triggerOutputs()?['body/createdon']","interval":5,"timeUnit":"Minute"}},"Convert_time_zone":{"runAfter":{"Add_to_time":["Succeeded"]},"type":"Expression","kind":"ConvertTimeZone","inputs":{"baseTime":"@body('Add_to_time')","formatString":"g","sourceTimeZone":"UTC","destinationTimeZone":"Pacific Standard Time"}}},"outputs":{}}},"schemaVersion":"1.0.0.0"}