<ImportExportXml version="9.1.0.18046" SolutionPackageVersion="9.1" languagecode="1033" generatedBy="CrmLive" xmlns:xsi="http://www.w3.org/2001/XMLSchema-instance">
  <SolutionManifest>
    <UniqueName>CurbsideChatbot</UniqueName>
    <LocalizedNames>
      <LocalizedName description="Curbside Chatbot" languagecode="1033" />
    </LocalizedNames>
    <Descriptions />
    <Version>1.0.0.2</Version>
    <Managed>0</Managed>
    <Publisher>
      <UniqueName>rsm</UniqueName>
      <LocalizedNames>
        <LocalizedName description="RSM" languagecode="1033" />
      </LocalizedNames>
      <Descriptions />
      <EMailAddress xsi:nil="true"></EMailAddress>
      <SupportingWebsiteUrl>https://www.rsmus.com</SupportingWebsiteUrl>
      <CustomizationPrefix>rsm</CustomizationPrefix>
      <CustomizationOptionValuePrefix>86680</CustomizationOptionValuePrefix>
      <Addresses>
        <Address>
          <AddressNumber>1</AddressNumber>
          <AddressTypeCode>1</AddressTypeCode>
          <City xsi:nil="true"></City>
          <County xsi:nil="true"></County>
          <Country xsi:nil="true"></Country>
          <Fax xsi:nil="true"></Fax>
          <FreightTermsCode xsi:nil="true"></FreightTermsCode>
          <ImportSequenceNumber xsi:nil="true"></ImportSequenceNumber>
          <Latitude xsi:nil="true"></Latitude>
          <Line1 xsi:nil="true"></Line1>
          <Line2 xsi:nil="true"></Line2>
          <Line3 xsi:nil="true"></Line3>
          <Longitude xsi:nil="true"></Longitude>
          <Name xsi:nil="true"></Name>
          <PostalCode xsi:nil="true"></PostalCode>
          <PostOfficeBox xsi:nil="true"></PostOfficeBox>
          <PrimaryContactName xsi:nil="true"></PrimaryContactName>
          <ShippingMethodCode>1</ShippingMethodCode>
          <StateOrProvince xsi:nil="true"></StateOrProvince>
          <Telephone1 xsi:nil="true"></Telephone1>
          <Telephone2 xsi:nil="true"></Telephone2>
          <Telephone3 xsi:nil="true"></Telephone3>
          <TimeZoneRuleVersionNumber xsi:nil="true"></TimeZoneRuleVersionNumber>
          <UPSZone xsi:nil="true"></UPSZone>
          <UTCOffset xsi:nil="true"></UTCOffset>
          <UTCConversionTimeZoneCode xsi:nil="true"></UTCConversionTimeZoneCode>
        </Address>
        <Address>
          <AddressNumber>2</AddressNumber>
          <AddressTypeCode>1</AddressTypeCode>
          <City xsi:nil="true"></City>
          <County xsi:nil="true"></County>
          <Country xsi:nil="true"></Country>
          <Fax xsi:nil="true"></Fax>
          <FreightTermsCode xsi:nil="true"></FreightTermsCode>
          <ImportSequenceNumber xsi:nil="true"></ImportSequenceNumber>
          <Latitude xsi:nil="true"></Latitude>
          <Line1 xsi:nil="true"></Line1>
          <Line2 xsi:nil="true"></Line2>
          <Line3 xsi:nil="true"></Line3>
          <Longitude xsi:nil="true"></Longitude>
          <Name xsi:nil="true"></Name>
          <PostalCode xsi:nil="true"></PostalCode>
          <PostOfficeBox xsi:nil="true"></PostOfficeBox>
          <PrimaryContactName xsi:nil="true"></PrimaryContactName>
          <ShippingMethodCode>1</ShippingMethodCode>
          <StateOrProvince xsi:nil="true"></StateOrProvince>
          <Telephone1 xsi:nil="true"></Telephone1>
          <Telephone2 xsi:nil="true"></Telephone2>
          <Telephone3 xsi:nil="true"></Telephone3>
          <TimeZoneRuleVersionNumber xsi:nil="true"></TimeZoneRuleVersionNumber>
          <UPSZone xsi:nil="true"></UPSZone>
          <UTCOffset xsi:nil="true"></UTCOffset>
          <UTCConversionTimeZoneCode xsi:nil="true"></UTCConversionTimeZoneCode>
        </Address>
      </Addresses>
    </Publisher>
    <RootComponents>
      <RootComponent type="29" id="{2b4f1b75-1dac-ea11-a812-000d3a5c2ece}" behavior="0" />
      <RootComponent type="29" id="{a7267f78-9fa5-ea11-a812-000d3a5c2ece}" behavior="0" />
      <RootComponent type="29" id="{ee3b3fd3-46a4-ea11-a812-000d3a33b5c3}" behavior="0" />
    </RootComponents>
    <MissingDependencies>
      <MissingDependency>
        <Required key="0" type="1" schemaName="botcomponent" displayName="Chatbot subcomponent" solution="PowerVirtualAgents (1.0.0.32)" />
        <Dependent key="1" type="botcomponent" id.schemaname="new_customtype_018a41eef9f4442281cb42b7ce084311_92610204747047ac8f788f7eecd91118" />
      </MissingDependency>
      <MissingDependency>
        <Required key="0" type="1" schemaName="botcomponent" displayName="Chatbot subcomponent" solution="PowerVirtualAgents (1.0.0.32)" />
        <Dependent key="2" type="botcomponent" id.schemaname="new_topic_018a41eef9f4442281cb42b7ce084311_33d5123770ba4daeafae51b361ddc80a" />
      </MissingDependency>
      <MissingDependency>
        <Required key="0" type="1" schemaName="botcomponent" displayName="Chatbot subcomponent" solution="PowerVirtualAgents (1.0.0.32)" />
        <Dependent key="3" type="botcomponent" id.schemaname="new_topic_018a41eef9f4442281cb42b7ce084311_f56d1a3e522740c78f9fac0939332dbd_goodbye" />
      </MissingDependency>
      <MissingDependency>
        <Required key="0" type="1" schemaName="botcomponent" displayName="Chatbot subcomponent" solution="PowerVirtualAgents (1.0.0.32)" />
        <Dependent key="4" type="botcomponent" id.schemaname="new_topic_018a41eef9f4442281cb42b7ce084311_21a34f1673a24096a99ba0effb63cc1d" />
      </MissingDependency>
      <MissingDependency>
        <Required key="0" type="1" schemaName="botcomponent" displayName="Chatbot subcomponent" solution="PowerVirtualAgents (1.0.0.32)" />
        <Dependent key="5" type="botcomponent" id.schemaname="new_topic_018a41eef9f4442281cb42b7ce084311_3d2584ec30914684839527e05e7be172_thankyou" />
      </MissingDependency>
      <MissingDependency>
        <Required key="0" type="1" schemaName="botcomponent" displayName="Chatbot subcomponent" solution="PowerVirtualAgents (1.0.0.32)" />
        <Dependent key="6" type="botcomponent" id.schemaname="new_topic_018a41eef9f4442281cb42b7ce084311_954135cafcd647eaae5999ad91fc08cf_talktoagent" />
      </MissingDependency>
      <MissingDependency>
        <Required key="0" type="1" schemaName="botcomponent" displayName="Chatbot subcomponent" solution="PowerVirtualAgents (1.0.0.32)" />
        <Dependent key="7" type="botcomponent" id.schemaname="new_topic_018a41eef9f4442281cb42b7ce084311_ba7b967c97ba4c39bca58a8bb6a72d59_conversationstart" />
      </MissingDependency>
      <MissingDependency>
        <Required key="0" type="1" schemaName="botcomponent" displayName="Chatbot subcomponent" solution="PowerVirtualAgents (1.0.0.32)" />
        <Dependent key="8" type="botcomponent" id.schemaname="new_topic_018a41eef9f4442281cb42b7ce084311_8a4964498f83424bb3a86295bf7d0952_startover" />
      </MissingDependency>
      <MissingDependency>
        <Required key="0" type="1" schemaName="botcomponent" displayName="Chatbot subcomponent" solution="PowerVirtualAgents (1.0.0.32)" />
        <Dependent key="9" type="botcomponent" id.schemaname="new_topic_018a41eef9f4442281cb42b7ce084311_db1f76b081dc43389df9dd2df7518737_confirmedsuccess" />
      </MissingDependency>
      <MissingDependency>
        <Required key="10" type="1" schemaName="bot" displayName="Chatbot" solution="PowerVirtualAgents (1.0.0.32)" />
        <Dependent key="11" type="bot" id.schemaname="new_bot_018a41eef9f4442281cb42b7ce084311" />
      </MissingDependency>
      <MissingDependency>
        <Required key="0" type="1" schemaName="botcomponent" displayName="Chatbot subcomponent" solution="PowerVirtualAgents (1.0.0.32)" />
        <Dependent key="12" type="botcomponent" id.schemaname="new_topic_018a41eef9f4442281cb42b7ce084311_dbafebd526364487911b63a2a774389f" />
      </MissingDependency>
      <MissingDependency>
        <Required key="0" type="1" schemaName="botcomponent" displayName="Chatbot subcomponent" solution="PowerVirtualAgents (1.0.0.32)" />
        <Dependent key="13" type="botcomponent" id.schemaname="new_topic_018a41eef9f4442281cb42b7ce084311_85df75ce08a44a9b82cc8f3fdb25f669" />
      </MissingDependency>
      <MissingDependency>
        <Required key="0" type="1" schemaName="botcomponent" displayName="Chatbot subcomponent" solution="PowerVirtualAgents (1.0.0.32)" />
        <Dependent key="14" type="botcomponent" id.schemaname="new_customtype_018a41eef9f4442281cb42b7ce084311_8592f5b414b747069af8d24393f59729" />
      </MissingDependency>
      <MissingDependency>
        <Required key="0" type="1" schemaName="botcomponent" displayName="Chatbot subcomponent" solution="PowerVirtualAgents (1.0.0.32)" />
        <Dependent key="15" type="botcomponent" id.schemaname="new_topic_018a41eef9f4442281cb42b7ce084311_aeabea4d071f415c8c107e1cb7af5424_assumedsuccess" />
      </MissingDependency>
      <MissingDependency>
        <Required key="0" type="1" schemaName="botcomponent" displayName="Chatbot subcomponent" solution="PowerVirtualAgents (1.0.0.32)" />
        <Dependent key="16" type="botcomponent" id.schemaname="new_topic_018a41eef9f4442281cb42b7ce084311_d2198a5ee41a48a5bf70ab8970145a9f_confirmedfailure" />
      </MissingDependency>
      <MissingDependency>
        <Required key="0" type="1" schemaName="botcomponent" displayName="Chatbot subcomponent" solution="PowerVirtualAgents (1.0.0.32)" />
        <Dependent key="17" type="botcomponent" id.schemaname="new_customtype_018a41eef9f4442281cb42b7ce084311_f86fcadfd497444e91ed11c12b059d10" />
      </MissingDependency>
      <MissingDependency>
        <Required key="0" type="1" schemaName="botcomponent" displayName="Chatbot subcomponent" solution="PowerVirtualAgents (1.0.0.32)" />
        <Dependent key="18" type="botcomponent" id.schemaname="new_topic_ff208168e89d4d8092af37312d569eed" />
      </MissingDependency>
    </MissingDependencies>
  </SolutionManifest>
</ImportExportXml>