<bot_botcomponentset>
  <bot_botcomponent botid.schemaname="new_bot_018a41eef9f4442281cb42b7ce084311" botcomponentid.schemaname="new_topic_018a41eef9f4442281cb42b7ce084311_8a4964498f83424bb3a86295bf7d0952_startover">
    <iscustomizable>1</iscustomizable>
  </bot_botcomponent>
  <bot_botcomponent botcomponentid.schemaname="new_topic_018a41eef9f4442281cb42b7ce084311_3d2584ec30914684839527e05e7be172_thankyou" botid.schemaname="new_bot_018a41eef9f4442281cb42b7ce084311">
    <iscustomizable>1</iscustomizable>
  </bot_botcomponent>
  <bot_botcomponent botid.schemaname="new_bot_018a41eef9f4442281cb42b7ce084311" botcomponentid.schemaname="new_topic_018a41eef9f4442281cb42b7ce084311_33d5123770ba4daeafae51b361ddc80a">
    <iscustomizable>1</iscustomizable>
  </bot_botcomponent>
  <bot_botcomponent botcomponentid.schemaname="new_topic_018a41eef9f4442281cb42b7ce084311_21a34f1673a24096a99ba0effb63cc1d" botid.schemaname="new_bot_018a41eef9f4442281cb42b7ce084311">
    <iscustomizable>1</iscustomizable>
  </bot_botcomponent>
  <bot_botcomponent botid.schemaname="new_bot_018a41eef9f4442281cb42b7ce084311" botcomponentid.schemaname="new_topic_018a41eef9f4442281cb42b7ce084311_dbafebd526364487911b63a2a774389f">
    <iscustomizable>1</iscustomizable>
  </bot_botcomponent>
  <bot_botcomponent botcomponentid.schemaname="new_topic_018a41eef9f4442281cb42b7ce084311_85df75ce08a44a9b82cc8f3fdb25f669" botid.schemaname="new_bot_018a41eef9f4442281cb42b7ce084311">
    <iscustomizable>1</iscustomizable>
  </bot_botcomponent>
  <bot_botcomponent botcomponentid.schemaname="new_customtype_018a41eef9f4442281cb42b7ce084311_f86fcadfd497444e91ed11c12b059d10" botid.schemaname="new_bot_018a41eef9f4442281cb42b7ce084311">
    <iscustomizable>1</iscustomizable>
  </bot_botcomponent>
  <bot_botcomponent botcomponentid.schemaname="new_topic_ff208168e89d4d8092af37312d569eed" botid.schemaname="new_bot_018a41eef9f4442281cb42b7ce084311">
    <iscustomizable>1</iscustomizable>
  </bot_botcomponent>
  <bot_botcomponent botcomponentid.schemaname="new_topic_018a41eef9f4442281cb42b7ce084311_ba7b967c97ba4c39bca58a8bb6a72d59_conversationstart" botid.schemaname="new_bot_018a41eef9f4442281cb42b7ce084311">
    <iscustomizable>1</iscustomizable>
  </bot_botcomponent>
  <bot_botcomponent botid.schemaname="new_bot_018a41eef9f4442281cb42b7ce084311" botcomponentid.schemaname="new_topic_018a41eef9f4442281cb42b7ce084311_954135cafcd647eaae5999ad91fc08cf_talktoagent">
    <iscustomizable>1</iscustomizable>
  </bot_botcomponent>
  <bot_botcomponent botid.schemaname="new_bot_018a41eef9f4442281cb42b7ce084311" botcomponentid.schemaname="new_customtype_018a41eef9f4442281cb42b7ce084311_8592f5b414b747069af8d24393f59729">
    <iscustomizable>1</iscustomizable>
  </bot_botcomponent>
  <bot_botcomponent botid.schemaname="new_bot_018a41eef9f4442281cb42b7ce084311" botcomponentid.schemaname="new_topic_018a41eef9f4442281cb42b7ce084311_aeabea4d071f415c8c107e1cb7af5424_assumedsuccess">
    <iscustomizable>1</iscustomizable>
  </bot_botcomponent>
  <bot_botcomponent botid.schemaname="new_bot_018a41eef9f4442281cb42b7ce084311" botcomponentid.schemaname="new_topic_018a41eef9f4442281cb42b7ce084311_db1f76b081dc43389df9dd2df7518737_confirmedsuccess">
    <iscustomizable>1</iscustomizable>
  </bot_botcomponent>
  <bot_botcomponent botid.schemaname="new_bot_018a41eef9f4442281cb42b7ce084311" botcomponentid.schemaname="new_topic_018a41eef9f4442281cb42b7ce084311_d2198a5ee41a48a5bf70ab8970145a9f_confirmedfailure">
    <iscustomizable>1</iscustomizable>
  </bot_botcomponent>
  <bot_botcomponent botcomponentid.schemaname="new_topic_018a41eef9f4442281cb42b7ce084311_f56d1a3e522740c78f9fac0939332dbd_goodbye" botid.schemaname="new_bot_018a41eef9f4442281cb42b7ce084311">
    <iscustomizable>1</iscustomizable>
  </bot_botcomponent>
  <bot_botcomponent botcomponentid.schemaname="new_customtype_018a41eef9f4442281cb42b7ce084311_92610204747047ac8f788f7eecd91118" botid.schemaname="new_bot_018a41eef9f4442281cb42b7ce084311">
    <iscustomizable>1</iscustomizable>
  </bot_botcomponent>
</bot_botcomponentset>