<botcomponent_workflowset>
  <botcomponent_workflow workflowid.workflowid="ee3b3fd3-46a4-ea11-a812-000d3a33b5c3" botcomponentid.schemaname="new_topic_ff208168e89d4d8092af37312d569eed">
    <iscustomizable>1</iscustomizable>
  </botcomponent_workflow>
  <botcomponent_workflow botcomponentid.schemaname="new_topic_ff208168e89d4d8092af37312d569eed" workflowid.workflowid="a7267f78-9fa5-ea11-a812-000d3a5c2ece">
    <iscustomizable>1</iscustomizable>
  </botcomponent_workflow>
  <botcomponent_workflow botcomponentid.schemaname="new_topic_ff208168e89d4d8092af37312d569eed" workflowid.workflowid="2b4f1b75-1dac-ea11-a812-000d3a5c2ece">
    <iscustomizable>1</iscustomizable>
  </botcomponent_workflow>
</botcomponent_workflowset>