<ImportExportXml version="9.1.0.18046" SolutionPackageVersion="9.1" languagecode="1033" generatedBy="CrmLive" xmlns:xsi="http://www.w3.org/2001/XMLSchema-instance">
  <SolutionManifest>
    <UniqueName>CurbsidePickup</UniqueName>
    <LocalizedNames>
      <LocalizedName description="Curbside Pickup" languagecode="1033" />
    </LocalizedNames>
    <Descriptions />
    <Version>1.7</Version>
    <Managed>1</Managed>
    <Publisher>
      <UniqueName>rsm</UniqueName>
      <LocalizedNames>
        <LocalizedName description="RSM" languagecode="1033" />
      </LocalizedNames>
      <Descriptions />
      <EMailAddress xsi:nil="true"></EMailAddress>
      <SupportingWebsiteUrl>https://www.rsmus.com</SupportingWebsiteUrl>
      <CustomizationPrefix>rsm</CustomizationPrefix>
      <CustomizationOptionValuePrefix>86680</CustomizationOptionValuePrefix>
      <Addresses>
        <Address>
          <AddressNumber>1</AddressNumber>
          <AddressTypeCode>1</AddressTypeCode>
          <City xsi:nil="true"></City>
          <County xsi:nil="true"></County>
          <Country xsi:nil="true"></Country>
          <Fax xsi:nil="true"></Fax>
          <FreightTermsCode xsi:nil="true"></FreightTermsCode>
          <ImportSequenceNumber xsi:nil="true"></ImportSequenceNumber>
          <Latitude xsi:nil="true"></Latitude>
          <Line1 xsi:nil="true"></Line1>
          <Line2 xsi:nil="true"></Line2>
          <Line3 xsi:nil="true"></Line3>
          <Longitude xsi:nil="true"></Longitude>
          <Name xsi:nil="true"></Name>
          <PostalCode xsi:nil="true"></PostalCode>
          <PostOfficeBox xsi:nil="true"></PostOfficeBox>
          <PrimaryContactName xsi:nil="true"></PrimaryContactName>
          <ShippingMethodCode>1</ShippingMethodCode>
          <StateOrProvince xsi:nil="true"></StateOrProvince>
          <Telephone1 xsi:nil="true"></Telephone1>
          <Telephone2 xsi:nil="true"></Telephone2>
          <Telephone3 xsi:nil="true"></Telephone3>
          <TimeZoneRuleVersionNumber xsi:nil="true"></TimeZoneRuleVersionNumber>
          <UPSZone xsi:nil="true"></UPSZone>
          <UTCOffset xsi:nil="true"></UTCOffset>
          <UTCConversionTimeZoneCode xsi:nil="true"></UTCConversionTimeZoneCode>
        </Address>
        <Address>
          <AddressNumber>2</AddressNumber>
          <AddressTypeCode>1</AddressTypeCode>
          <City xsi:nil="true"></City>
          <County xsi:nil="true"></County>
          <Country xsi:nil="true"></Country>
          <Fax xsi:nil="true"></Fax>
          <FreightTermsCode xsi:nil="true"></FreightTermsCode>
          <ImportSequenceNumber xsi:nil="true"></ImportSequenceNumber>
          <Latitude xsi:nil="true"></Latitude>
          <Line1 xsi:nil="true"></Line1>
          <Line2 xsi:nil="true"></Line2>
          <Line3 xsi:nil="true"></Line3>
          <Longitude xsi:nil="true"></Longitude>
          <Name xsi:nil="true"></Name>
          <PostalCode xsi:nil="true"></PostalCode>
          <PostOfficeBox xsi:nil="true"></PostOfficeBox>
          <PrimaryContactName xsi:nil="true"></PrimaryContactName>
          <ShippingMethodCode>1</ShippingMethodCode>
          <StateOrProvince xsi:nil="true"></StateOrProvince>
          <Telephone1 xsi:nil="true"></Telephone1>
          <Telephone2 xsi:nil="true"></Telephone2>
          <Telephone3 xsi:nil="true"></Telephone3>
          <TimeZoneRuleVersionNumber xsi:nil="true"></TimeZoneRuleVersionNumber>
          <UPSZone xsi:nil="true"></UPSZone>
          <UTCOffset xsi:nil="true"></UTCOffset>
          <UTCConversionTimeZoneCode xsi:nil="true"></UTCConversionTimeZoneCode>
        </Address>
      </Addresses>
    </Publisher>
    <RootComponents>
      <RootComponent type="1" schemaName="contact" behavior="1" />
      <RootComponent type="1" schemaName="product" behavior="1" />
      <RootComponent type="1" schemaName="salesorder" behavior="1" />
      <RootComponent type="1" schemaName="salesorderdetail" behavior="1" />
      <RootComponent type="9" schemaName="rsm_status" behavior="0" />
      <RootComponent type="29" id="{3d57e22e-62a7-ea11-a812-000d3a5c2ece}" behavior="0" />
      <RootComponent type="29" id="{786e994d-827a-4cb1-83fa-004b0ecafe76}" behavior="0" />
      <RootComponent type="29" id="{c5fc1efe-8f9f-ea11-a812-000d3a5c2ece}" behavior="0" />
      <RootComponent type="29" id="{db7eee19-cf71-4626-a85e-8acd179acdf5}" behavior="0" />
      <RootComponent type="300" schemaName="rsm_curbsidepickupapp_7a8ef" behavior="0" />
    </RootComponents>
    <MissingDependencies>
      <MissingDependency>
        <Required key="0" type="1" schemaName="product" displayName="Product" solution="msdynce_ProductManagement (9.0.4.0066)" />
        <Dependent key="1" type="2" schemaName="rsm_productid" displayName="Product ID" parentSchemaName="salesorderdetail" parentDisplayName="Order Product" />
      </MissingDependency>
      <MissingDependency>
        <Required key="2" type="1" schemaName="salesorderdetail" displayName="Order Product" solution="msdynce_Sales (9.0.4.0076)" />
        <Dependent key="3" type="300" schemaName="rsm_curbsidepickupapp_7a8ef" displayName="Curbside Pick-Up App" />
      </MissingDependency>
      <MissingDependency>
        <Required key="2" type="1" schemaName="salesorderdetail" displayName="Order Product" solution="msdynce_Sales (9.0.4.0076)" />
        <Dependent key="4" type="2" schemaName="rsm_itemquantity" displayName="Item Quantity" parentSchemaName="salesorder" parentDisplayName="Order" />
      </MissingDependency>
      <MissingDependency>
        <Required key="2" type="1" schemaName="salesorderdetail" displayName="Order Product" solution="msdynce_Sales (9.0.4.0076)" />
        <Dependent key="2" type="1" schemaName="salesorderdetail" displayName="Order Product" />
      </MissingDependency>
      <MissingDependency>
        <Required key="5" type="1" schemaName="salesorder" displayName="Order" solution="msdynce_Sales (9.0.4.0076)" />
        <Dependent key="5" type="1" schemaName="salesorder" displayName="Order" />
      </MissingDependency>
      <MissingDependency>
        <Required key="0" type="1" schemaName="product" displayName="Product" solution="msdynce_ProductManagement (9.0.4.0066)" />
        <Dependent key="0" type="1" schemaName="product" displayName="Product" />
      </MissingDependency>
      <MissingDependency>
        <Required key="2" type="1" schemaName="salesorderdetail" displayName="Order Product" solution="msdynce_Sales (9.0.4.0076)" />
        <Dependent key="1" type="2" schemaName="rsm_productid" displayName="Product ID" parentSchemaName="salesorderdetail" parentDisplayName="Order Product" />
      </MissingDependency>
      <MissingDependency>
        <Required key="6" type="1" schemaName="uom" displayName="Unit" solution="msdynce_ProductManagement (9.0.4.0066)" />
        <Dependent key="3" type="300" schemaName="rsm_curbsidepickupapp_7a8ef" displayName="Curbside Pick-Up App" />
      </MissingDependency>
      <MissingDependency>
        <Required key="7" type="2" schemaName="quantity" displayName="Quantity" parentSchemaName="salesorderdetail" parentDisplayName="Order Product" solution="msdynce_Sales (9.0.4.0076)" />
        <Dependent key="4" type="2" schemaName="rsm_itemquantity" displayName="Item Quantity" parentSchemaName="salesorder" parentDisplayName="Order" />
      </MissingDependency>
      <MissingDependency>
        <Required key="8" type="2" schemaName="salesorderdetailid" displayName="Order Product" parentSchemaName="salesorderdetail" parentDisplayName="Order Product" solution="msdynce_Sales (9.0.4.0076)" />
        <Dependent key="4" type="2" schemaName="rsm_itemquantity" displayName="Item Quantity" parentSchemaName="salesorder" parentDisplayName="Order" />
      </MissingDependency>
      <MissingDependency>
        <Required key="9" type="2" schemaName="name" displayName="Name" parentSchemaName="salesorder" parentDisplayName="Order" solution="msdynce_Sales (9.0.4.0076)" />
        <Dependent key="10" type="29" displayName="Fulfill Order" id="{786e994d-827a-4cb1-83fa-004b0ecafe76}" />
      </MissingDependency>
      <MissingDependency>
        <Required key="11" type="2" schemaName="salesorderid" displayName="Order" parentSchemaName="salesorder" parentDisplayName="Order" solution="msdynce_Sales (9.0.4.0076)" />
        <Dependent key="10" type="29" displayName="Fulfill Order" id="{786e994d-827a-4cb1-83fa-004b0ecafe76}" />
      </MissingDependency>
      <MissingDependency>
        <Required key="11" type="2" schemaName="salesorderid" displayName="Order" parentSchemaName="salesorder" parentDisplayName="Order" solution="msdynce_Sales (9.0.4.0076)" />
        <Dependent key="12" type="2" schemaName="rsm_estimatedtodelivered" displayName="estimatedtodelivered" parentSchemaName="salesorder" parentDisplayName="Order" />
      </MissingDependency>
      <MissingDependency>
        <Required key="13" type="2" schemaName="customerid" displayName="Customer" parentSchemaName="salesorder" parentDisplayName="Order" solution="msdynce_Sales (9.0.4.0076)" />
        <Dependent key="14" type="29" displayName="Set Customer Name, Phone, Email" id="{db7eee19-cf71-4626-a85e-8acd179acdf5}" />
      </MissingDependency>
      <MissingDependency>
        <Required key="13" type="2" schemaName="customerid" displayName="Customer" parentSchemaName="salesorder" parentDisplayName="Order" solution="msdynce_Sales (9.0.4.0076)" />
        <Dependent key="13" type="2" schemaName="customerid" displayName="Customer" parentSchemaName="salesorder" parentDisplayName="Order" />
      </MissingDependency>
      <MissingDependency>
        <Required key="11" type="2" schemaName="salesorderid" displayName="Order" parentSchemaName="salesorder" parentDisplayName="Order" solution="msdynce_Sales (9.0.4.0076)" />
        <Dependent key="15" type="2" schemaName="rsm_arrivedtodelivered" displayName="arrivedtodelivered" parentSchemaName="salesorder" parentDisplayName="Order" />
      </MissingDependency>
      <MissingDependency>
        <Required key="16" type="2" schemaName="productid" displayName="Product" parentSchemaName="product" parentDisplayName="Product" solution="msdynce_ProductManagement (9.0.4.0066)" />
        <Dependent key="1" type="2" schemaName="rsm_productid" displayName="Product ID" parentSchemaName="salesorderdetail" parentDisplayName="Order Product" />
      </MissingDependency>
      <MissingDependency>
        <Required key="8" type="2" schemaName="salesorderdetailid" displayName="Order Product" parentSchemaName="salesorderdetail" parentDisplayName="Order Product" solution="msdynce_Sales (9.0.4.0076)" />
        <Dependent key="1" type="2" schemaName="rsm_productid" displayName="Product ID" parentSchemaName="salesorderdetail" parentDisplayName="Order Product" />
      </MissingDependency>
      <MissingDependency>
        <Required key="17" type="2" schemaName="productnumber" displayName="Product ID" parentSchemaName="product" parentDisplayName="Product" solution="msdynce_ProductManagement (9.0.4.0066)" />
        <Dependent key="1" type="2" schemaName="rsm_productid" displayName="Product ID" parentSchemaName="salesorderdetail" parentDisplayName="Order Product" />
      </MissingDependency>
      <MissingDependency>
        <Required key="18" type="2" schemaName="productid" displayName="Existing Product" parentSchemaName="salesorderdetail" parentDisplayName="Order Product" solution="msdynce_Sales (9.0.4.0076)" />
        <Dependent key="1" type="2" schemaName="rsm_productid" displayName="Product ID" parentSchemaName="salesorderdetail" parentDisplayName="Order Product" />
      </MissingDependency>
      <MissingDependency>
        <Required key="19" type="2" schemaName="salesorderdetailname" displayName="Name" parentSchemaName="salesorderdetail" parentDisplayName="Order Product" solution="msdynce_SalesPatch (9.0.1904.3002)" />
        <Dependent key="1" type="2" schemaName="rsm_productid" displayName="Product ID" parentSchemaName="salesorderdetail" parentDisplayName="Order Product" />
      </MissingDependency>
      <MissingDependency>
        <Required key="11" type="2" schemaName="salesorderid" displayName="Order" parentSchemaName="salesorder" parentDisplayName="Order" solution="msdynce_Sales (9.0.4.0076)" />
        <Dependent key="14" type="29" displayName="Set Customer Name, Phone, Email" id="{db7eee19-cf71-4626-a85e-8acd179acdf5}" />
      </MissingDependency>
      <MissingDependency>
        <Required key="9" type="2" schemaName="name" displayName="Name" parentSchemaName="salesorder" parentDisplayName="Order" solution="msdynce_Sales (9.0.4.0076)" />
        <Dependent key="14" type="29" displayName="Set Customer Name, Phone, Email" id="{db7eee19-cf71-4626-a85e-8acd179acdf5}" />
      </MissingDependency>
    </MissingDependencies>
  </SolutionManifest>
</ImportExportXml>