{
  "Intents": [
    {
      "IntentType": "System",
      "SystemIntentTypes": [
        "AssumedSuccess"
      ],
      "DialogId": "new_topic_018a41eef9f4442281cb42b7ce084311_aeabea4d071f415c8c107e1cb7af5424_assumedsuccess",
      "IsTriggeringEnabled": true,
      "Id": "new_topic_018a41eef9f4442281cb42b7ce084311_aeabea4d071f415c8c107e1cb7af5424_assumedsuccess",
      "DisplayName": "End of Conversation",
      "Description": "System Intent Default Customer Survey",
      "CreatedTime": "2019-01-15T00:00:00",
      "UpdatedTime": "2019-01-15T00:00:00",
      "CreatedUserId": "user0",
      "UpdatedUserId": "user0"
    }
  ],
  "Dialogs": [
    {
      "RootNodeId": "a9c4120e-6c7c-4724-8028-1bdb9bdd48e3",
      "DialogType": "System",
      "QuestionNodes": [
        {
          "ContextVariableId": "55908220-733b-4b3c-ba35-816314bc2a47",
          "NodeType": "QuestionNode",
          "Id": "a9c4120e-6c7c-4724-8028-1bdb9bdd48e3"
        }
      ],
      "Id": "new_topic_018a41eef9f4442281cb42b7ce084311_aeabea4d071f415c8c107e1cb7af5424_assumedsuccess",
      "DisplayName": "Dialog",
      "CreatedTime": "2019-01-15T00:00:00",
      "UpdatedTime": "2020-06-11T20:26:54.8531459Z",
      "CreatedUserId": "user0",
      "UpdatedUserId": "0dce2335-df05-4e02-9fda-6bf666559abc"
    }
  ],
  "BotMessages": [
    {
      "ChannelContent": {
        "web": {
          "ContentFormat": "Markdown",
          "Content": "From 1 to 5 how would you rate your pickup experience?"
        }
      },
      "Id": "721b0b6f-7df1-4280-95ce-9a3e9cb1f56d",
      "CreatedTime": "2020-06-11T19:58:16.674Z",
      "UpdatedTime": "2020-06-11T19:58:16.674Z",
      "CreatedUserId": "user-0",
      "UpdatedUserId": "user-0"
    }
  ],
  "ContextVariables": [
    {
      "ContextVariableType": "Regular",
      "SystemVariableTypes": [],
      "SystemType": "Ordinal",
      "InitializerType": "UserQuestion",
      "Scope": "Dialog",
      "GreedySlotFillingEnabled": true,
      "IsInput": false,
      "ExternalInitializationAllowed": false,
      "Messages": {
        "GetValue": [
          "721b0b6f-7df1-4280-95ce-9a3e9cb1f56d"
        ]
      },
      "IsGlobal": false,
      "Id": "55908220-733b-4b3c-ba35-816314bc2a47",
      "DisplayName": "Rating",
      "CreatedTime": "2020-06-11T19:58:16.674Z",
      "UpdatedTime": "2020-06-11T19:58:16.674Z",
      "CreatedUserId": "user-0",
      "UpdatedUserId": "user-0"
    }
  ],
  "SystemIntentIds": {},
  "SystemVariableIds": {},
  "SystemNamedEntityIds": {}
}