{
  "Version": "b664a4dd-e984-4f4b-ab80-e5b65e00ef9b",
  "Intents": [
    {
      "IntentType": "System",
      "SystemIntentTypes": [
        "Thankyou"
      ],
      "TriggerQueries": [
        "thanks",
        "thank you",
        "thanks so much",
        "ty"
      ],
      "DialogId": "new_topic_018a41eef9f4442281cb42b7ce084311_3d2584ec30914684839527e05e7be172_thankyou",
      "IsTriggeringEnabled": true,
      "Id": "new_topic_018a41eef9f4442281cb42b7ce084311_3d2584ec30914684839527e05e7be172_thankyou",
      "DisplayName": "Thank you",
      "Description": "System Intent Thank You",
      "CreatedTime": "2019-01-15T00:00:00",
      "UpdatedTime": "2019-01-15T00:00:00",
      "CreatedUserId": "user0",
      "UpdatedUserId": "user0"
    }
  ],
  "Dialogs": [
    {
      "RootNodeId": "6c46869b-e8cd-4e1a-a80c-9d73e61d71b5",
      "DialogType": "System",
      "MessageNodes": [
        {
          "BotMessageId": "cff8bb49-7ed4-4552-a6e6-714279f5f24c",
          "NodeType": "BotMessageNode",
          "Id": "6c46869b-e8cd-4e1a-a80c-9d73e61d71b5"
        }
      ],
      "Id": "new_topic_018a41eef9f4442281cb42b7ce084311_3d2584ec30914684839527e05e7be172_thankyou",
      "DisplayName": "Dialog for Thank you",
      "CreatedTime": "2019-01-15T00:00:00",
      "UpdatedTime": "2019-01-15T00:00:00",
      "CreatedUserId": "user0",
      "UpdatedUserId": "user0"
    }
  ],
  "BotMessages": [
    {
      "ChannelContent": {
        "web": {
          "ContentFormat": "Markdown",
          "Content": "You're welcome!"
        }
      },
      "Id": "cff8bb49-7ed4-4552-a6e6-714279f5f24c",
      "CreatedTime": "2019-01-15T00:00:00",
      "UpdatedTime": "2019-01-15T00:00:00",
      "CreatedUserId": "user0",
      "UpdatedUserId": "user0"
    }
  ],
  "SystemIntentIds": {},
  "SystemVariableIds": {},
  "SystemNamedEntityIds": {}
}