{
  "Version": "b664a4dd-e984-4f4b-ab80-e5b65e00ef9b",
  "NamedEntities": [
    {
      "NamedEntityType": "Regular",
      "SystemNamedEntityTypes": [],
      "Synonyms": [
        "home"
      ],
      "Id": "ff0ca6dd-de7a-4bee-b849-16210d63f3c5",
      "DisplayName": "Home User",
      "CreatedTime": "0001-01-01T00:00:00",
      "UpdatedTime": "2020-05-22T15:46:55.2123832Z",
      "UpdatedUserId": "0dce2335-df05-4e02-9fda-6bf666559abc"
    },
    {
      "NamedEntityType": "Regular",
      "SystemNamedEntityTypes": [],
      "Synonyms": [
        "gaming"
      ],
      "Id": "2ccf421b-89a6-43a8-8b4f-b8d8f63b58bf",
      "DisplayName": "Gamer",
      "CreatedTime": "0001-01-01T00:00:00",
      "UpdatedTime": "2020-05-22T15:46:55.2123832Z",
      "UpdatedUserId": "0dce2335-df05-4e02-9fda-6bf666559abc"
    },
    {
      "NamedEntityType": "Regular",
      "SystemNamedEntityTypes": [],
      "Synonyms": [
        "business"
      ],
      "Id": "2d32734c-9552-47c5-963b-563fe1d9ea7e",
      "DisplayName": "Business User",
      "CreatedTime": "0001-01-01T00:00:00",
      "UpdatedTime": "2020-05-22T15:46:55.2123832Z",
      "UpdatedUserId": "0dce2335-df05-4e02-9fda-6bf666559abc"
    }
  ],
  "ClosedListTypes": [
    {
      "NamedEntities": [
        "ff0ca6dd-de7a-4bee-b849-16210d63f3c5",
        "2ccf421b-89a6-43a8-8b4f-b8d8f63b58bf",
        "2d32734c-9552-47c5-963b-563fe1d9ea7e"
      ],
      "SmartMatchingEnabled": true,
      "CustomTypeSchema": "ClosedList",
      "Id": "new_customtype_018a41eef9f4442281cb42b7ce084311_f86fcadfd497444e91ed11c12b059d10",
      "DisplayName": "Usage Type",
      "Description": "Lesson 4 Usage Type Entity",
      "CreatedTime": "2019-10-25T14:03:43.9601778Z",
      "UpdatedTime": "2020-05-22T15:46:55.2123832Z",
      "CreatedUserId": "user0",
      "UpdatedUserId": "0dce2335-df05-4e02-9fda-6bf666559abc"
    }
  ],
  "SystemIntentIds": {},
  "SystemVariableIds": {},
  "SystemNamedEntityIds": {}
}