{
  "Intents": [
    {
      "IntentType": "Regular",
      "SystemIntentTypes": [],
      "TriggerQueries": [
        "arrived",
        "here",
        "Here",
        "hi",
        "Hi",
        "Hello",
        "hello",
        "I am parked",
        "I have arrived",
        "I am here"
      ],
      "DialogId": "new_topic_ff208168e89d4d8092af37312d569eed",
      "IsTriggeringEnabled": true,
      "Id": "new_topic_ff208168e89d4d8092af37312d569eed",
      "DisplayName": "Customer Arrived",
      "Description": "",
      "CreatedTime": "2020-06-01T20:07:10.7258543Z",
      "UpdatedTime": "2020-06-10T14:51:49.2960025Z",
      "CreatedUserId": "0dce2335-df05-4e02-9fda-6bf666559abc",
      "UpdatedUserId": "0dce2335-df05-4e02-9fda-6bf666559abc"
    }
  ],
  "NamedEntities": [
    {
      "NamedEntityType": "Regular",
      "SystemNamedEntityTypes": [],
      "Id": "00775c42-62e6-4c10-a45d-f11037bd86e0",
      "DisplayName": "Handed directly",
      "CreatedTime": "0001-01-01T00:00:00",
      "UpdatedTime": "0001-01-01T00:00:00"
    },
    {
      "NamedEntityType": "Regular",
      "SystemNamedEntityTypes": [],
      "Id": "32e012e4-a6a2-4019-b8a4-4a4de3a80b92",
      "DisplayName": "Placed in trunk",
      "CreatedTime": "0001-01-01T00:00:00",
      "UpdatedTime": "0001-01-01T00:00:00"
    },
    {
      "NamedEntityType": "Regular",
      "SystemNamedEntityTypes": [],
      "Id": "afe9ae79-b40a-4d25-a500-dee176d0fdfa",
      "DisplayName": "Yes",
      "CreatedTime": "0001-01-01T00:00:00",
      "UpdatedTime": "0001-01-01T00:00:00"
    },
    {
      "NamedEntityType": "Regular",
      "SystemNamedEntityTypes": [],
      "Id": "43ea23ce-f22c-4309-9104-8c7e43fe520f",
      "DisplayName": "No",
      "CreatedTime": "0001-01-01T00:00:00",
      "UpdatedTime": "0001-01-01T00:00:00"
    },
    {
      "NamedEntityType": "Regular",
      "SystemNamedEntityTypes": [],
      "Id": "936aca84-a00b-435a-a854-f5794511edf9",
      "DisplayName": "Handed directly",
      "CreatedTime": "0001-01-01T00:00:00",
      "UpdatedTime": "0001-01-01T00:00:00"
    },
    {
      "NamedEntityType": "Regular",
      "SystemNamedEntityTypes": [],
      "Id": "792b3866-c9e8-4820-a712-8c31c1f0d79f",
      "DisplayName": "Placed in trunk",
      "CreatedTime": "0001-01-01T00:00:00",
      "UpdatedTime": "0001-01-01T00:00:00"
    },
    {
      "NamedEntityType": "Regular",
      "SystemNamedEntityTypes": [],
      "Id": "fab307ea-5b66-4a03-aa81-638219941577",
      "DisplayName": "Handed directly to me",
      "CreatedTime": "0001-01-01T00:00:00",
      "UpdatedTime": "0001-01-01T00:00:00"
    },
    {
      "NamedEntityType": "Regular",
      "SystemNamedEntityTypes": [],
      "Id": "3e169ac1-f9eb-4f76-b261-fedb418367e5",
      "DisplayName": "Placed in the trunk",
      "CreatedTime": "0001-01-01T00:00:00",
      "UpdatedTime": "0001-01-01T00:00:00"
    }
  ],
  "Dialogs": [
    {
      "RootNodeId": "a430701b-07db-45f6-baa8-2ea774e3ffe2",
      "DialogType": "Regular",
      "MessageNodes": [
        {
          "BotMessageId": "e424ee22-21c1-4b0e-85dc-29085e9a77fb",
          "NodeType": "BotMessageNode",
          "Id": "a59963b9-5d85-4bc1-868c-0d9e3143e742",
          "DefaultTargetNodeId": "a0e56ebb-65e8-4d22-a569-6d63e74fb62d"
        },
        {
          "BotMessageId": "7594dc28-c2f2-4417-87ea-7e6966a99de6",
          "NodeType": "BotMessageNode",
          "Id": "4dc1f4d7-b9ca-4b8c-9e99-021ee9006739",
          "DefaultTargetNodeId": "aacc1741-193b-45da-b648-2ecf150b9364"
        },
        {
          "BotMessageId": "3fac7402-7f73-40d5-a46f-ed9afaeb2669",
          "NodeType": "BotMessageNode",
          "Id": "16c14205-d402-45db-82b6-152e7b35af95",
          "DefaultTargetNodeId": "4cffe9d4-b965-46cc-a673-51df9f2ad9f5"
        },
        {
          "BotMessageId": "4e1fc589-19f8-4eea-a6b4-75671b0910fc",
          "NodeType": "BotMessageNode",
          "Id": "1196ecef-02a0-43e5-bfd1-bfba60f6e7f8",
          "DefaultTargetNodeId": "4f7a091b-c508-40cf-949e-69815876f27c"
        },
        {
          "BotMessageId": "b3c49a3b-d8fe-4991-9d40-76823e07657b",
          "NodeType": "BotMessageNode",
          "Id": "edb28122-9313-4047-8a86-1f229f984962",
          "DefaultTargetNodeId": "983a1263-7809-479a-9581-5224d223345c"
        },
        {
          "BotMessageId": "c3cac11c-e91c-4a8e-ae75-6c8e75a0b233",
          "NodeType": "BotMessageNode",
          "Id": "c2c9577b-de97-4e32-8c91-5847361c5abf"
        },
        {
          "BotMessageId": "b0989e05-c5c8-4598-a9e0-caed2ed2834e",
          "NodeType": "BotMessageNode",
          "Id": "0eaa606f-73df-4ee9-8700-c80141b4b271"
        }
      ],
      "ActionNodes": [
        {
          "InputParameterVariableIdMap": {
            "text": "{d6039449-4881-4641-a268-9cf04d980a0f}",
            "text_1": "{d6039449-4881-4641-a268-9cf04d980a0f}"
          },
          "OutputExpressionVariableIds": [
            "f27160a4-f23f-40ad-9a02-6e79ae60e0db"
          ],
          "ContextVariableId": "6e0acb17-5b2b-4b38-97bc-23668e4a113b",
          "NodeType": "ActionNode",
          "Id": "4cffe9d4-b965-46cc-a673-51df9f2ad9f5",
          "Routes": [
            {
              "Expression": "@not(or(equals(parameters('f27160a4-f23f-40ad-9a02-6e79ae60e0db'), ''), equals(parameters('f27160a4-f23f-40ad-9a02-6e79ae60e0db'), null)))",
              "TargetNodeId": "117f41cc-cf2a-4490-bd2e-66badbeb937c"
            }
          ],
          "DefaultTargetNodeId": "a24ba922-69c8-4e53-a114-a9db97c37c8f"
        },
        {
          "InputParameterVariableIdMap": {
            "text": "{f27160a4-f23f-40ad-9a02-6e79ae60e0db}",
            "text_1": "{1fe3862f-9e87-433b-87aa-d56dce0e730a}",
            "text_2": "{7d64ee8f-edb2-4c4c-8387-dc103be3fd96}",
            "text_3": "{06421471-187d-4e08-a42a-9f0ef8d8d7b8}"
          },
          "OutputExpressionVariableIds": [
            "88bc52e3-04af-47bb-9976-8c1ac59da84d",
            "5ed68f19-2883-4c3e-b958-c9360139d0ae"
          ],
          "ContextVariableId": "e8a1e4e9-a05a-4d78-a535-a5be2edbfa5a",
          "NodeType": "ActionNode",
          "Id": "97e55e22-be41-49ea-83b6-bab5d80f0bb2",
          "DefaultTargetNodeId": "75bcc4f2-556a-4c01-9367-6ea4315f9b7a"
        },
        {
          "InputParameterVariableIdMap": {
            "number": "{e2921650-993a-4b43-ac4d-c7dfbe8ec13d}",
            "text": "{5ed68f19-2883-4c3e-b958-c9360139d0ae}"
          },
          "ContextVariableId": "0aa9d11c-0d9f-46c6-8a61-b93f1d126791",
          "NodeType": "ActionNode",
          "Id": "6d708c88-6082-4b44-b04d-60835371e5b0",
          "DefaultTargetNodeId": "c2c9577b-de97-4e32-8c91-5847361c5abf"
        },
        {
          "InputParameterVariableIdMap": {
            "text": "{f27160a4-f23f-40ad-9a02-6e79ae60e0db}",
            "text_1": "{84b16ef1-3955-4942-a141-352b854a0a35}",
            "text_2": "{dc4f5807-c253-4a7a-b0bd-02db36d207af}",
            "text_3": "{dcc92922-54b8-4486-bda5-a23df49da8e9}"
          },
          "OutputExpressionVariableIds": [
            "0e9e9124-c283-4017-84b2-8544f9056df4",
            "138c0d88-ee3a-4353-8d21-c1a59439d5c8"
          ],
          "ContextVariableId": "132d6488-4ad4-4b35-b25a-7b5c3a399da0",
          "NodeType": "ActionNode",
          "Id": "4f7a091b-c508-40cf-949e-69815876f27c",
          "DefaultTargetNodeId": "214c4405-7672-4da6-a5b3-68ee9d65272c"
        },
        {
          "InputParameterVariableIdMap": {
            "text": "{f27160a4-f23f-40ad-9a02-6e79ae60e0db}",
            "text_1": "{84b16ef1-3955-4942-a141-352b854a0a35}",
            "text_2": "{dc4f5807-c253-4a7a-b0bd-02db36d207af}",
            "text_3": "{dcc92922-54b8-4486-bda5-a23df49da8e9}"
          },
          "OutputExpressionVariableIds": [
            "0eeda4a3-80dc-4a27-868d-4cc4c5ba8923",
            "8948c039-bd52-4a4a-ac0e-0b7b17a56c87"
          ],
          "ContextVariableId": "58904b2d-e419-4961-9032-b64669d9da0e",
          "NodeType": "ActionNode",
          "Id": "983a1263-7809-479a-9581-5224d223345c",
          "DefaultTargetNodeId": "e71ab7c2-115b-4f50-952c-4170dbcf1bdb"
        },
        {
          "InputParameterVariableIdMap": {
            "text": "{eee7094e-be80-4c21-8d39-c8b50fb85d04}",
            "text_1": "{5eb19ddd-334a-47e3-bf4f-d4d40ff5c9c8}",
            "text_2": "{14ad1a83-8a43-4ec0-b744-7988c6d19574}",
            "text_3": "{959e3f13-9c7e-4520-bc89-077871f507cf}"
          },
          "OutputExpressionVariableIds": [
            "8360a938-1594-4f59-a346-14ca21dc5b32",
            "87ae0f5f-ae49-476b-baff-c37744c79fc4"
          ],
          "ContextVariableId": "a84d6f4d-5e4a-427b-b606-0c29ee7ed643",
          "NodeType": "ActionNode",
          "Id": "aacc1741-193b-45da-b648-2ecf150b9364",
          "DefaultTargetNodeId": "f6595b25-a040-4d55-a74a-bfc6cb410a0e"
        },
        {
          "InputParameterVariableIdMap": {
            "text": "{f27160a4-f23f-40ad-9a02-6e79ae60e0db}",
            "text_1": "{5eb19ddd-334a-47e3-bf4f-d4d40ff5c9c8}",
            "text_2": "{14ad1a83-8a43-4ec0-b744-7988c6d19574}",
            "text_3": "{959e3f13-9c7e-4520-bc89-077871f507cf}"
          },
          "OutputExpressionVariableIds": [
            "26d21b9b-1556-4111-b27b-019de72397ed",
            "d9ab2730-5393-4c4e-baf7-ec27a265df62"
          ],
          "ContextVariableId": "87a5c961-b398-4b38-a946-9240ea58c1a4",
          "NodeType": "ActionNode",
          "Id": "a0e56ebb-65e8-4d22-a569-6d63e74fb62d",
          "DefaultTargetNodeId": "7dde6d76-e841-4709-b97b-17f9e5e2f3d8"
        },
        {
          "InputParameterVariableIdMap": {
            "text": "{f27160a4-f23f-40ad-9a02-6e79ae60e0db}",
            "text_1": "{1fe3862f-9e87-433b-87aa-d56dce0e730a}",
            "text_2": "{7d64ee8f-edb2-4c4c-8387-dc103be3fd96}",
            "text_3": "{06421471-187d-4e08-a42a-9f0ef8d8d7b8}"
          },
          "OutputExpressionVariableIds": [
            "f207144e-b144-4a69-b882-5165d0ba6ac0",
            "7e1203a0-6174-44f0-8b15-b07a1350ea7d"
          ],
          "ContextVariableId": "f0d80c51-218d-4260-8f9e-e9c156d7ac6b",
          "NodeType": "ActionNode",
          "Id": "9f91aa91-c338-4757-8b77-9af2b041e2ff",
          "DefaultTargetNodeId": "c0bbc8bd-4b19-467f-9a2b-c279170e54dd"
        },
        {
          "InputParameterVariableIdMap": {
            "number": "{2671fda6-a788-4d5b-95ce-a01fcea6f9a1}",
            "text": "{7e1203a0-6174-44f0-8b15-b07a1350ea7d}"
          },
          "ContextVariableId": "d8367a52-c9f2-43fb-a33b-db505ca7134d",
          "NodeType": "ActionNode",
          "Id": "9024ed8a-624f-42f5-ae3d-63a1849a4a2c",
          "DefaultTargetNodeId": "0eaa606f-73df-4ee9-8700-c80141b4b271"
        },
        {
          "InputParameterVariableIdMap": {
            "number": "{cc4d5707-4f2d-428e-ad54-233d11de1e17}",
            "text": "{138c0d88-ee3a-4353-8d21-c1a59439d5c8}"
          },
          "ContextVariableId": "f10575d4-c2a6-4acf-b532-95f65808a543",
          "NodeType": "ActionNode",
          "Id": "5a17bca5-8e3c-4ded-b321-0a6e0560d767"
        },
        {
          "InputParameterVariableIdMap": {
            "number": "{6e1e3f9d-8cc6-4b04-aec5-bdad2662dafc}",
            "text": "{8948c039-bd52-4a4a-ac0e-0b7b17a56c87}"
          },
          "ContextVariableId": "c8d3ccc7-d8db-441f-aa8f-dc35a9c6abee",
          "NodeType": "ActionNode",
          "Id": "3a2e2d45-a409-4996-a6c9-a40c11088b1e"
        },
        {
          "InputParameterVariableIdMap": {
            "number": "{95a2bd56-6b53-408b-bea7-4394965084d0}",
            "text": "{87ae0f5f-ae49-476b-baff-c37744c79fc4}"
          },
          "ContextVariableId": "6178f7d6-05ec-4e5c-9102-ade4025707ad",
          "NodeType": "ActionNode",
          "Id": "48f3baef-d791-4788-964e-cb70a68306ed"
        },
        {
          "InputParameterVariableIdMap": {
            "number": "{8c94525e-eb5a-49cb-b031-82aade2036ed}",
            "text": "{d9ab2730-5393-4c4e-baf7-ec27a265df62}"
          },
          "ContextVariableId": "d10ded57-19c4-4c7b-8e06-df40c3dde249",
          "NodeType": "ActionNode",
          "Id": "30f5d771-76f6-42c9-b030-7edae507072d"
        }
      ],
      "QuestionNodes": [
        {
          "ContextVariableId": "d6039449-4881-4641-a268-9cf04d980a0f",
          "NodeType": "QuestionNode",
          "Id": "a430701b-07db-45f6-baa8-2ea774e3ffe2",
          "DefaultTargetNodeId": "16c14205-d402-45db-82b6-152e7b35af95"
        },
        {
          "ContextVariableId": "5eb19ddd-334a-47e3-bf4f-d4d40ff5c9c8",
          "NodeType": "QuestionNode",
          "Id": "e0385a33-0860-48b8-9e60-f993760ab604",
          "Routes": [
            {
              "Expression": "@equals(parameters('5eb19ddd-334a-47e3-bf4f-d4d40ff5c9c8'), '00775c42-62e6-4c10-a45d-f11037bd86e0')",
              "TargetNodeId": "4dc1f4d7-b9ca-4b8c-9e99-021ee9006739"
            },
            {
              "Expression": "@equals(parameters('5eb19ddd-334a-47e3-bf4f-d4d40ff5c9c8'), '32e012e4-a6a2-4019-b8a4-4a4de3a80b92')",
              "TargetNodeId": "a59963b9-5d85-4bc1-868c-0d9e3143e742"
            }
          ],
          "DefaultTargetNodeId": "e0385a33-0860-48b8-9e60-f993760ab604"
        },
        {
          "ContextVariableId": "eee7094e-be80-4c21-8d39-c8b50fb85d04",
          "NodeType": "QuestionNode",
          "Id": "a24ba922-69c8-4e53-a114-a9db97c37c8f",
          "DefaultTargetNodeId": "cf6df788-2ff5-4ca4-acb7-a39c7736b42b"
        },
        {
          "ContextVariableId": "14ad1a83-8a43-4ec0-b744-7988c6d19574",
          "NodeType": "QuestionNode",
          "Id": "c3e5d7c8-7e6f-4c1a-a699-d937b91fa406",
          "DefaultTargetNodeId": "e0385a33-0860-48b8-9e60-f993760ab604"
        },
        {
          "ContextVariableId": "db734264-4361-4f7e-b3ea-e014e9a132fd",
          "NodeType": "QuestionNode",
          "Id": "117f41cc-cf2a-4490-bd2e-66badbeb937c",
          "Routes": [
            {
              "Expression": "@equals(parameters('db734264-4361-4f7e-b3ea-e014e9a132fd'), 'afe9ae79-b40a-4d25-a500-dee176d0fdfa')",
              "TargetNodeId": "d22c2e15-16ab-406b-80d7-66e8c8e6b7c4"
            },
            {
              "Expression": "@equals(parameters('db734264-4361-4f7e-b3ea-e014e9a132fd'), '43ea23ce-f22c-4309-9104-8c7e43fe520f')",
              "TargetNodeId": "848e5d7e-e33a-4de6-ac65-908d19feeb47"
            }
          ],
          "DefaultTargetNodeId": "117f41cc-cf2a-4490-bd2e-66badbeb937c"
        },
        {
          "ContextVariableId": "7d64ee8f-edb2-4c4c-8387-dc103be3fd96",
          "NodeType": "QuestionNode",
          "Id": "e1252490-d8a4-4d64-9fa8-93cbfc280e5f",
          "DefaultTargetNodeId": "076c970c-3912-466e-818b-fba6071be85d"
        },
        {
          "ContextVariableId": "1fe3862f-9e87-433b-87aa-d56dce0e730a",
          "NodeType": "QuestionNode",
          "Id": "076c970c-3912-466e-818b-fba6071be85d",
          "Routes": [
            {
              "Expression": "@equals(parameters('1fe3862f-9e87-433b-87aa-d56dce0e730a'), '936aca84-a00b-435a-a854-f5794511edf9')",
              "TargetNodeId": "97e55e22-be41-49ea-83b6-bab5d80f0bb2"
            },
            {
              "Expression": "@equals(parameters('1fe3862f-9e87-433b-87aa-d56dce0e730a'), '792b3866-c9e8-4820-a712-8c31c1f0d79f')",
              "TargetNodeId": "9f91aa91-c338-4757-8b77-9af2b041e2ff"
            }
          ],
          "DefaultTargetNodeId": "076c970c-3912-466e-818b-fba6071be85d"
        },
        {
          "ContextVariableId": "06421471-187d-4e08-a42a-9f0ef8d8d7b8",
          "NodeType": "QuestionNode",
          "Id": "d22c2e15-16ab-406b-80d7-66e8c8e6b7c4",
          "DefaultTargetNodeId": "e1252490-d8a4-4d64-9fa8-93cbfc280e5f"
        },
        {
          "ContextVariableId": "959e3f13-9c7e-4520-bc89-077871f507cf",
          "NodeType": "QuestionNode",
          "Id": "cf6df788-2ff5-4ca4-acb7-a39c7736b42b",
          "DefaultTargetNodeId": "c3e5d7c8-7e6f-4c1a-a699-d937b91fa406"
        },
        {
          "ContextVariableId": "86681132-8053-4ba5-9c44-dbc44586e71a",
          "NodeType": "QuestionNode",
          "Id": "848e5d7e-e33a-4de6-ac65-908d19feeb47",
          "DefaultTargetNodeId": "42deac43-08a1-453c-8dde-33d9a4afc1d4"
        },
        {
          "ContextVariableId": "dcc92922-54b8-4486-bda5-a23df49da8e9",
          "NodeType": "QuestionNode",
          "Id": "42deac43-08a1-453c-8dde-33d9a4afc1d4",
          "DefaultTargetNodeId": "c6812e8d-0f20-4596-93d4-c68638981e2a"
        },
        {
          "ContextVariableId": "dc4f5807-c253-4a7a-b0bd-02db36d207af",
          "NodeType": "QuestionNode",
          "Id": "c6812e8d-0f20-4596-93d4-c68638981e2a",
          "DefaultTargetNodeId": "a1d1b9f9-659a-4f4e-ae44-79f583e7ec56"
        },
        {
          "ContextVariableId": "84b16ef1-3955-4942-a141-352b854a0a35",
          "NodeType": "QuestionNode",
          "Id": "a1d1b9f9-659a-4f4e-ae44-79f583e7ec56",
          "Routes": [
            {
              "Expression": "@equals(parameters('84b16ef1-3955-4942-a141-352b854a0a35'), 'fab307ea-5b66-4a03-aa81-638219941577')",
              "TargetNodeId": "1196ecef-02a0-43e5-bfd1-bfba60f6e7f8"
            },
            {
              "Expression": "@equals(parameters('84b16ef1-3955-4942-a141-352b854a0a35'), '3e169ac1-f9eb-4f76-b261-fedb418367e5')",
              "TargetNodeId": "edb28122-9313-4047-8a86-1f229f984962"
            }
          ],
          "DefaultTargetNodeId": "a1d1b9f9-659a-4f4e-ae44-79f583e7ec56"
        },
        {
          "ContextVariableId": "e2921650-993a-4b43-ac4d-c7dfbe8ec13d",
          "NodeType": "QuestionNode",
          "Id": "75bcc4f2-556a-4c01-9367-6ea4315f9b7a",
          "DefaultTargetNodeId": "6d708c88-6082-4b44-b04d-60835371e5b0"
        },
        {
          "ContextVariableId": "2671fda6-a788-4d5b-95ce-a01fcea6f9a1",
          "NodeType": "QuestionNode",
          "Id": "c0bbc8bd-4b19-467f-9a2b-c279170e54dd",
          "DefaultTargetNodeId": "9024ed8a-624f-42f5-ae3d-63a1849a4a2c"
        },
        {
          "ContextVariableId": "cc4d5707-4f2d-428e-ad54-233d11de1e17",
          "NodeType": "QuestionNode",
          "Id": "214c4405-7672-4da6-a5b3-68ee9d65272c",
          "DefaultTargetNodeId": "5a17bca5-8e3c-4ded-b321-0a6e0560d767"
        },
        {
          "ContextVariableId": "6e1e3f9d-8cc6-4b04-aec5-bdad2662dafc",
          "NodeType": "QuestionNode",
          "Id": "e71ab7c2-115b-4f50-952c-4170dbcf1bdb",
          "DefaultTargetNodeId": "3a2e2d45-a409-4996-a6c9-a40c11088b1e"
        },
        {
          "ContextVariableId": "95a2bd56-6b53-408b-bea7-4394965084d0",
          "NodeType": "QuestionNode",
          "Id": "f6595b25-a040-4d55-a74a-bfc6cb410a0e",
          "DefaultTargetNodeId": "48f3baef-d791-4788-964e-cb70a68306ed"
        },
        {
          "ContextVariableId": "8c94525e-eb5a-49cb-b031-82aade2036ed",
          "NodeType": "QuestionNode",
          "Id": "7dde6d76-e841-4709-b97b-17f9e5e2f3d8",
          "DefaultTargetNodeId": "30f5d771-76f6-42c9-b030-7edae507072d"
        }
      ],
      "Id": "new_topic_ff208168e89d4d8092af37312d569eed",
      "DisplayName": "Dialog for Arrived",
      "CreatedTime": "2020-06-01T20:07:10.7258543+00:00",
      "UpdatedTime": "2020-06-12T05:28:50.457544Z",
      "CreatedUserId": "0dce2335-df05-4e02-9fda-6bf666559abc",
      "UpdatedUserId": "0dce2335-df05-4e02-9fda-6bf666559abc"
    }
  ],
  "BotMessages": [
    {
      "ChannelContent": {
        "web": {
          "ContentFormat": "Markdown",
          "Content": "Hi there I'm going help you pick up your purchase! First, a few questions to help us find you: What is your phone number?"
        }
      },
      "Id": "67b980f6-421c-424a-8a2b-8b467ef4f1a9",
      "CreatedTime": "2020-06-01T20:08:25.62Z",
      "UpdatedTime": "2020-06-01T20:08:25.62Z",
      "CreatedUserId": "user-0",
      "UpdatedUserId": "user-0"
    },
    {
      "ChannelContent": {
        "web": {
          "ContentFormat": "Markdown",
          "Content": "Finally, would you like your purchase handed to you or placed in your trunk?"
        }
      },
      "Id": "2665528f-ff47-4f8f-8e26-68108c654f33",
      "CreatedTime": "2020-06-01T20:09:26.221Z",
      "UpdatedTime": "2020-06-01T20:09:26.221Z",
      "CreatedUserId": "user-0",
      "UpdatedUserId": "user-0"
    },
    {
      "ChannelContent": {
        "web": {
          "ContentFormat": "Markdown",
          "Content": "Great, when you see the employee approaching please have your trunk or back door open. They will be out shortly."
        }
      },
      "Id": "e424ee22-21c1-4b0e-85dc-29085e9a77fb",
      "CreatedTime": "2020-06-01T20:11:28.941Z",
      "UpdatedTime": "2020-06-01T20:11:28.941Z",
      "CreatedUserId": "user-0",
      "UpdatedUserId": "user-0"
    },
    {
      "ChannelContent": {
        "web": {
          "ContentFormat": "Markdown",
          "Content": "I wasn't able to find your order, what is your order number?"
        }
      },
      "Id": "315223ce-d6cf-42d0-8ba5-cb8099502bd8",
      "CreatedTime": "2020-06-01T20:32:48.852Z",
      "UpdatedTime": "2020-06-01T20:32:48.852Z",
      "CreatedUserId": "user-0",
      "UpdatedUserId": "user-0"
    },
    {
      "ChannelContent": {
        "web": {
          "ContentFormat": "Markdown",
          "Content": "I have notified the employees inside and they are on their way out."
        }
      },
      "Id": "7594dc28-c2f2-4417-87ea-7e6966a99de6",
      "CreatedTime": "2020-06-01T20:36:18.895Z",
      "UpdatedTime": "2020-06-01T20:36:18.895Z",
      "CreatedUserId": "user-0",
      "UpdatedUserId": "user-0"
    },
    {
      "ChannelContent": {
        "web": {
          "ContentFormat": "Markdown",
          "Content": "Thanks, and what is your spot number?"
        }
      },
      "Id": "36635545-7762-485b-a47a-34a45acee6fb",
      "CreatedTime": "2020-06-01T21:37:01.748Z",
      "UpdatedTime": "2020-06-01T21:37:01.748Z",
      "CreatedUserId": "user-0",
      "UpdatedUserId": "user-0"
    },
    {
      "ChannelContent": {
        "web": {
          "ContentFormat": "Markdown",
          "Content": "Thanks, I'm looking up your order information now."
        }
      },
      "Id": "3fac7402-7f73-40d5-a46f-ed9afaeb2669",
      "CreatedTime": "2020-06-03T13:30:03.834Z",
      "UpdatedTime": "2020-06-03T13:30:03.834Z",
      "CreatedUserId": "user-0",
      "UpdatedUserId": "user-0"
    },
    {
      "ChannelContent": {
        "web": {
          "ContentFormat": "Markdown",
          "Content": "Thanks, I found an order ready for pickup, is your order number {f27160a4-f23f-40ad-9a02-6e79ae60e0db}?"
        }
      },
      "Id": "5f53eed7-f05e-49e1-b064-5189fb277957",
      "CreatedTime": "2020-06-03T13:41:52.284Z",
      "UpdatedTime": "2020-06-03T13:41:52.284Z",
      "CreatedUserId": "user-0",
      "UpdatedUserId": "user-0"
    },
    {
      "ChannelContent": {
        "web": {
          "ContentFormat": "Markdown",
          "Content": "Thanks, and what is your spot number?"
        }
      },
      "Id": "ba671c98-85a1-4fdc-906c-b48d9283f7af",
      "CreatedTime": "2020-06-03T13:43:32.579Z",
      "UpdatedTime": "2020-06-03T13:43:32.579Z",
      "CreatedUserId": "user-0",
      "UpdatedUserId": "user-0"
    },
    {
      "ChannelContent": {
        "web": {
          "ContentFormat": "Markdown",
          "Content": "One final question, would you like your purchase handed to your or placed in your trunk?"
        }
      },
      "Id": "af7bf876-109a-4b19-98d4-c0bab25fc4ff",
      "CreatedTime": "2020-06-03T14:01:25.085Z",
      "UpdatedTime": "2020-06-03T14:01:25.085Z",
      "CreatedUserId": "user-0",
      "UpdatedUserId": "user-0"
    },
    {
      "ChannelContent": {
        "web": {
          "ContentFormat": "Markdown",
          "Content": "What is the color and make of your car?"
        }
      },
      "Id": "65cb0daf-dce9-422b-879e-627a11c59526",
      "CreatedTime": "2020-06-03T16:06:49.038Z",
      "UpdatedTime": "2020-06-03T16:06:49.038Z",
      "CreatedUserId": "user-0",
      "UpdatedUserId": "user-0"
    },
    {
      "ChannelContent": {
        "web": {
          "ContentFormat": "Markdown",
          "Content": "To help us find you, what is the color and make of your car?"
        }
      },
      "Id": "87ad2d4c-9ef3-4c82-aa77-d1aa7aac6342",
      "CreatedTime": "2020-06-03T18:27:17.552Z",
      "UpdatedTime": "2020-06-03T18:27:17.552Z",
      "CreatedUserId": "user-0",
      "UpdatedUserId": "user-0"
    },
    {
      "ChannelContent": {
        "web": {
          "ContentFormat": "Markdown",
          "Content": "Ok, we will be coming out shortly with your purchase. Please roll down your window as we approach. If we cannot locate you we will give you a call. \n\nThanks for your purchase!"
        }
      },
      "Id": "4e1fc589-19f8-4eea-a6b4-75671b0910fc",
      "CreatedTime": "2020-06-03T18:41:23.093Z",
      "UpdatedTime": "2020-06-03T18:41:23.093Z",
      "CreatedUserId": "user-0",
      "UpdatedUserId": "user-0"
    },
    {
      "ChannelContent": {
        "web": {
          "ContentFormat": "Markdown",
          "Content": "Great, we are happy to do that. We will be out shortly, please have the trunk open for us. If we cannot locate you we will give you a call. \n\nThanks for your purchase!"
        }
      },
      "Id": "b3c49a3b-d8fe-4991-9d40-76823e07657b",
      "CreatedTime": "2020-06-03T18:42:32.225Z",
      "UpdatedTime": "2020-06-03T18:42:32.225Z",
      "CreatedUserId": "user-0",
      "UpdatedUserId": "user-0"
    },
    {
      "ChannelContent": {
        "web": {
          "ContentFormat": "Markdown",
          "Content": "Ok, no problem. Do you have your order number?"
        }
      },
      "Id": "d46cbbb2-7f78-4fdc-a4fb-d9516562953f",
      "CreatedTime": "2020-06-03T18:38:58.473Z",
      "UpdatedTime": "2020-06-03T18:38:58.473Z",
      "CreatedUserId": "user-0",
      "UpdatedUserId": "user-0"
    },
    {
      "ChannelContent": {
        "web": {
          "ContentFormat": "Markdown",
          "Content": "Thanks, I have located your order. To help our team member find you, what is the color and make of your car?"
        }
      },
      "Id": "32816828-9a93-4296-a9cd-500ad65b0b8b",
      "CreatedTime": "2020-06-03T18:39:28.033Z",
      "UpdatedTime": "2020-06-03T18:39:28.033Z",
      "CreatedUserId": "user-0",
      "UpdatedUserId": "user-0"
    },
    {
      "ChannelContent": {
        "web": {
          "ContentFormat": "Markdown",
          "Content": "Thanks, and what is your spot number?"
        }
      },
      "Id": "b789c4e2-0feb-45fe-aca7-a4843e133da7",
      "CreatedTime": "2020-06-03T18:40:10.452Z",
      "UpdatedTime": "2020-06-03T18:40:10.452Z",
      "CreatedUserId": "user-0",
      "UpdatedUserId": "user-0"
    },
    {
      "ChannelContent": {
        "web": {
          "ContentFormat": "Markdown",
          "Content": "Last question, how would you like your order to be delivered?"
        }
      },
      "Id": "8d81234f-7758-44e4-9b27-0a0fed470369",
      "CreatedTime": "2020-06-03T18:40:42.007Z",
      "UpdatedTime": "2020-06-03T18:40:42.007Z",
      "CreatedUserId": "user-0",
      "UpdatedUserId": "user-0"
    },
    {
      "ChannelContent": {
        "web": {
          "ContentFormat": "Markdown",
          "Content": "Thanks for the feedback! Your order will be out soon, have a great day!"
        }
      },
      "Id": "c3cac11c-e91c-4a8e-ae75-6c8e75a0b233",
      "CreatedTime": "2020-06-11T20:49:06.564Z",
      "UpdatedTime": "2020-06-11T20:49:06.564Z",
      "CreatedUserId": "user-0",
      "UpdatedUserId": "user-0"
    },
    {
      "ChannelContent": {
        "web": {
          "ContentFormat": "Markdown",
          "Content": "Great, a team member will be carrying your purchase out shortly. Please roll down your window and be ready to accept. If the team member is unable to locate you, they will try to call you.\n\nThanks for your purchase!\n\nFrom 1 to 5 (5 being the best) how would you rate your curbside pickup experience?"
        }
      },
      "Id": "729c6e79-c252-4415-8ef9-26fc215b8a1f",
      "CreatedTime": "2020-06-11T20:48:09.525Z",
      "UpdatedTime": "2020-06-11T20:48:09.525Z",
      "CreatedUserId": "user-0",
      "UpdatedUserId": "user-0"
    },
    {
      "ChannelContent": {
        "web": {
          "ContentFormat": "Markdown",
          "Content": "Thanks for the feedback! Your order will be out soon, have a great day!"
        }
      },
      "Id": "b0989e05-c5c8-4598-a9e0-caed2ed2834e",
      "CreatedTime": "2020-06-11T21:00:50.215Z",
      "UpdatedTime": "2020-06-11T21:00:50.215Z",
      "CreatedUserId": "user-0",
      "UpdatedUserId": "user-0"
    },
    {
      "ChannelContent": {
        "web": {
          "ContentFormat": "Markdown",
          "Content": "Great, a team member will be carrying your purchase out shortly. Please roll down your window and be ready to accept. If the team member is unable to locate you, they will try to call you.\n\nThanks for your purchase!\n\nFrom 1 to 5 (5 being the best) how would you rate your curbside pickup experience?"
        }
      },
      "Id": "f6affc9f-bbe2-42b7-ac1c-f74516acaf37",
      "CreatedTime": "2020-06-11T21:00:16.227Z",
      "UpdatedTime": "2020-06-11T21:00:16.227Z",
      "CreatedUserId": "user-0",
      "UpdatedUserId": "user-0"
    },
    {
      "ChannelContent": {
        "web": {
          "ContentFormat": "Markdown",
          "Content": "Great, a team member will be carrying your purchase out shortly. Please roll down your window and be ready to accept. If the team member is unable to locate you, they will try to call you.\n\nThanks for your purchase!\n\nFrom 1 to 5 (5 being the best) how would you rate your curbside pickup experience?"
        }
      },
      "Id": "1f8fe4f1-5949-464b-aa4a-a5eb93d4096a",
      "CreatedTime": "2020-06-11T21:01:03.027Z",
      "UpdatedTime": "2020-06-11T21:01:03.027Z",
      "CreatedUserId": "user-0",
      "UpdatedUserId": "user-0"
    },
    {
      "ChannelContent": {
        "web": {
          "ContentFormat": "Markdown",
          "Content": "Great, a team member will be carrying your purchase out shortly. Please roll down your window and be ready to accept. If the team member is unable to locate you, they will try to call you.\n\nThanks for your purchase!\n\nFrom 1 to 5 (5 being the best) how would you rate your curbside pickup experience?"
        }
      },
      "Id": "9c96e82e-45b2-4896-850f-70a9c7de7b11",
      "CreatedTime": "2020-06-11T21:03:02.198Z",
      "UpdatedTime": "2020-06-11T21:03:02.198Z",
      "CreatedUserId": "user-0",
      "UpdatedUserId": "user-0"
    },
    {
      "ChannelContent": {
        "web": {
          "ContentFormat": "Markdown",
          "Content": "Great, a team member will be carrying your purchase out shortly. Please roll down your window and be ready to accept. If the team member is unable to locate you, they will try to call you.\n\nThanks for your purchase!\n\nFrom 1 to 5 (5 being the best) how would you rate your curbside pickup experience?"
        }
      },
      "Id": "8736117e-38fd-482e-9e2c-17b973c90f9c",
      "CreatedTime": "2020-06-11T21:06:14.232Z",
      "UpdatedTime": "2020-06-11T21:06:14.232Z",
      "CreatedUserId": "user-0",
      "UpdatedUserId": "user-0"
    },
    {
      "ChannelContent": {
        "web": {
          "ContentFormat": "Markdown",
          "Content": "Great, a team member will be carrying your purchase out shortly. Please roll down your window and be ready to accept. If the team member is unable to locate you, they will try to call you.\n\nThanks for your purchase!\n\nFrom 1 to 5 (5 being the best) how would you rate your curbside pickup experience?"
        }
      },
      "Id": "4ed9ae42-f3ec-4d7d-af3d-3746c9994c9d",
      "CreatedTime": "2020-06-11T21:06:57.891Z",
      "UpdatedTime": "2020-06-11T21:06:57.891Z",
      "CreatedUserId": "user-0",
      "UpdatedUserId": "user-0"
    }
  ],
  "ActionDefinitions": [
    {
      "TimeoutInSeconds": 60,
      "RetryCount": 1,
      "Method": 2,
      "Headers": {
        "accept": "application/json"
      },
      "BodyContent": "{\"text\":\"{d6039449-4881-4641-a268-9cf04d980a0f}\",\"text_1\":\"{d6039449-4881-4641-a268-9cf04d980a0f}\"}",
      "ActionType": "Flow",
      "FlowMetadata": {
        "Id": "a7267f78-9fa5-ea11-a812-000d3a5c2ece",
        "Title": "Power Virtual Agents Flow Template",
        "Description": "Call this flow from Power Virtual Agents.",
        "HttpMethod": 2,
        "InputParameters": [
          {
            "Name": "Name",
            "Id": "text",
            "Type": "String",
            "Optional": false
          },
          {
            "Name": "orderNumber",
            "Id": "text_1",
            "Type": "String",
            "Optional": false
          }
        ],
        "OutputParameters": [
          {
            "Name": "orderNumber",
            "Id": "ordernumber",
            "Type": "String",
            "Optional": true
          }
        ],
        "OutputSchemaType": "Json",
        "CreatedTime": "2020-06-03T13:38:22Z",
        "IsEnabled": true,
        "LastModifiedTime": "2020-06-03T13:39:32Z"
      },
      "Id": "7f0ace4d-49bc-483f-aab6-74446f9ecdb8",
      "DisplayName": "Power Virtual Agents Flow Template",
      "Description": "Call this flow from Power Virtual Agents.",
      "CreatedTime": "2020-06-03T13:40:14.494Z",
      "UpdatedTime": "2020-06-03T13:40:14.494Z"
    },
    {
      "TimeoutInSeconds": 60,
      "RetryCount": 1,
      "Method": 2,
      "Headers": {
        "accept": "application/json"
      },
      "BodyContent": "{\"text\":\"{f27160a4-f23f-40ad-9a02-6e79ae60e0db}\",\"text_1\":\"{1fe3862f-9e87-433b-87aa-d56dce0e730a}\",\"text_2\":\"{7d64ee8f-edb2-4c4c-8387-dc103be3fd96}\",\"text_3\":\"{06421471-187d-4e08-a42a-9f0ef8d8d7b8}\"}",
      "ActionType": "Flow",
      "FlowMetadata": {
        "Id": "ee3b3fd3-46a4-ea11-a812-000d3a33b5c3",
        "Title": "Notify Agent",
        "Description": "Call this flow from Power Virtual Agents.",
        "HttpMethod": 2,
        "InputParameters": [
          {
            "Name": "Order Number",
            "Id": "text",
            "Type": "String",
            "Optional": false
          },
          {
            "Name": "Delivery Method",
            "Id": "text_1",
            "Type": "String",
            "Optional": false
          },
          {
            "Name": "pickupLocation",
            "Id": "text_2",
            "Type": "String",
            "Optional": false
          },
          {
            "Name": "carType",
            "Id": "text_3",
            "Type": "String",
            "Optional": false
          }
        ],
        "OutputParameters": [
          {
            "Name": "Status",
            "Id": "status",
            "Type": "String",
            "Optional": true
          },
          {
            "Name": "ORderGUID",
            "Id": "orderguid",
            "Type": "String",
            "Optional": true
          }
        ],
        "OutputSchemaType": "Json",
        "CreatedTime": "2020-06-01T20:31:17Z",
        "IsEnabled": true,
        "LastModifiedTime": "2020-06-11T20:09:04Z"
      },
      "Id": "d7f390e3-b7c1-4bf1-80c9-fb6a4dcc5b9d",
      "DisplayName": "Notify Agent",
      "Description": "Call this flow from Power Virtual Agents.",
      "CreatedTime": "2020-06-11T20:47:52.524Z",
      "UpdatedTime": "2020-06-11T20:47:52.524Z"
    },
    {
      "TimeoutInSeconds": 60,
      "RetryCount": 1,
      "Method": 2,
      "Headers": {
        "accept": "application/json"
      },
      "BodyContent": "{\"number\":{e2921650-993a-4b43-ac4d-c7dfbe8ec13d},\"text\":\"{5ed68f19-2883-4c3e-b958-c9360139d0ae}\"}",
      "ActionType": "Flow",
      "FlowMetadata": {
        "Id": "2b4f1b75-1dac-ea11-a812-000d3a5c2ece",
        "Title": "Customer Rating",
        "Description": "Call this flow from Power Virtual Agents.",
        "HttpMethod": 2,
        "InputParameters": [
          {
            "Name": "Number",
            "Id": "number",
            "Type": "Number",
            "Optional": false
          },
          {
            "Name": "Order",
            "Id": "text",
            "Type": "String",
            "Optional": false
          }
        ],
        "OutputSchemaType": "Json",
        "CreatedTime": "2020-06-11T19:55:19Z",
        "IsEnabled": true,
        "LastModifiedTime": "2020-06-11T20:18:23Z"
      },
      "Id": "fa87843e-3fde-4ea1-abdb-db78dbcf98b9",
      "DisplayName": "Customer Rating",
      "Description": "Call this flow from Power Virtual Agents.",
      "CreatedTime": "2020-06-11T20:48:53.209Z",
      "UpdatedTime": "2020-06-11T20:48:53.209Z"
    },
    {
      "TimeoutInSeconds": 60,
      "RetryCount": 1,
      "Method": 2,
      "Headers": {
        "accept": "application/json"
      },
      "BodyContent": "{\"text\":\"{f27160a4-f23f-40ad-9a02-6e79ae60e0db}\",\"text_1\":\"{84b16ef1-3955-4942-a141-352b854a0a35}\",\"text_2\":\"{dc4f5807-c253-4a7a-b0bd-02db36d207af}\",\"text_3\":\"{dcc92922-54b8-4486-bda5-a23df49da8e9}\"}",
      "ActionType": "Flow",
      "FlowMetadata": {
        "Id": "ee3b3fd3-46a4-ea11-a812-000d3a33b5c3",
        "Title": "Notify Agent",
        "Description": "Call this flow from Power Virtual Agents.",
        "HttpMethod": 2,
        "InputParameters": [
          {
            "Name": "Order Number",
            "Id": "text",
            "Type": "String",
            "Optional": false
          },
          {
            "Name": "Delivery Method",
            "Id": "text_1",
            "Type": "String",
            "Optional": false
          },
          {
            "Name": "pickupLocation",
            "Id": "text_2",
            "Type": "String",
            "Optional": false
          },
          {
            "Name": "carType",
            "Id": "text_3",
            "Type": "String",
            "Optional": false
          }
        ],
        "OutputParameters": [
          {
            "Name": "Status",
            "Id": "status",
            "Type": "String",
            "Optional": true
          },
          {
            "Name": "ORderGUID",
            "Id": "orderguid",
            "Type": "String",
            "Optional": true
          }
        ],
        "OutputSchemaType": "Json",
        "CreatedTime": "2020-06-01T20:31:17Z",
        "IsEnabled": true,
        "LastModifiedTime": "2020-06-11T20:09:04Z"
      },
      "Id": "5d6af797-a79d-4452-aca3-8f5537243274",
      "DisplayName": "Notify Agent",
      "Description": "Call this flow from Power Virtual Agents.",
      "CreatedTime": "2020-06-11T20:56:36.074Z",
      "UpdatedTime": "2020-06-11T20:56:36.074Z"
    },
    {
      "TimeoutInSeconds": 60,
      "RetryCount": 1,
      "Method": 2,
      "Headers": {
        "accept": "application/json"
      },
      "BodyContent": "{\"text\":\"{f27160a4-f23f-40ad-9a02-6e79ae60e0db}\",\"text_1\":\"{84b16ef1-3955-4942-a141-352b854a0a35}\",\"text_2\":\"{dc4f5807-c253-4a7a-b0bd-02db36d207af}\",\"text_3\":\"{dcc92922-54b8-4486-bda5-a23df49da8e9}\"}",
      "ActionType": "Flow",
      "FlowMetadata": {
        "Id": "ee3b3fd3-46a4-ea11-a812-000d3a33b5c3",
        "Title": "Notify Agent",
        "Description": "Call this flow from Power Virtual Agents.",
        "HttpMethod": 2,
        "InputParameters": [
          {
            "Name": "Order Number",
            "Id": "text",
            "Type": "String",
            "Optional": false
          },
          {
            "Name": "Delivery Method",
            "Id": "text_1",
            "Type": "String",
            "Optional": false
          },
          {
            "Name": "pickupLocation",
            "Id": "text_2",
            "Type": "String",
            "Optional": false
          },
          {
            "Name": "carType",
            "Id": "text_3",
            "Type": "String",
            "Optional": false
          }
        ],
        "OutputParameters": [
          {
            "Name": "Status",
            "Id": "status",
            "Type": "String",
            "Optional": true
          },
          {
            "Name": "ORderGUID",
            "Id": "orderguid",
            "Type": "String",
            "Optional": true
          }
        ],
        "OutputSchemaType": "Json",
        "CreatedTime": "2020-06-01T20:31:17Z",
        "IsEnabled": true,
        "LastModifiedTime": "2020-06-11T20:09:04Z"
      },
      "Id": "8f0e8607-1a3e-4c68-86aa-a5e4ad52e1c8",
      "DisplayName": "Notify Agent",
      "Description": "Call this flow from Power Virtual Agents.",
      "CreatedTime": "2020-06-11T20:57:37.323Z",
      "UpdatedTime": "2020-06-11T20:57:37.323Z"
    },
    {
      "TimeoutInSeconds": 60,
      "RetryCount": 1,
      "Method": 2,
      "Headers": {
        "accept": "application/json"
      },
      "BodyContent": "{\"text\":\"{eee7094e-be80-4c21-8d39-c8b50fb85d04}\",\"text_1\":\"{5eb19ddd-334a-47e3-bf4f-d4d40ff5c9c8}\",\"text_2\":\"{14ad1a83-8a43-4ec0-b744-7988c6d19574}\",\"text_3\":\"{959e3f13-9c7e-4520-bc89-077871f507cf}\"}",
      "ActionType": "Flow",
      "FlowMetadata": {
        "Id": "ee3b3fd3-46a4-ea11-a812-000d3a33b5c3",
        "Title": "Notify Agent",
        "Description": "Call this flow from Power Virtual Agents.",
        "HttpMethod": 2,
        "InputParameters": [
          {
            "Name": "Order Number",
            "Id": "text",
            "Type": "String",
            "Optional": false
          },
          {
            "Name": "Delivery Method",
            "Id": "text_1",
            "Type": "String",
            "Optional": false
          },
          {
            "Name": "pickupLocation",
            "Id": "text_2",
            "Type": "String",
            "Optional": false
          },
          {
            "Name": "carType",
            "Id": "text_3",
            "Type": "String",
            "Optional": false
          }
        ],
        "OutputParameters": [
          {
            "Name": "Status",
            "Id": "status",
            "Type": "String",
            "Optional": true
          },
          {
            "Name": "ORderGUID",
            "Id": "orderguid",
            "Type": "String",
            "Optional": true
          }
        ],
        "OutputSchemaType": "Json",
        "CreatedTime": "2020-06-01T20:31:17Z",
        "IsEnabled": true,
        "LastModifiedTime": "2020-06-11T20:09:04Z"
      },
      "Id": "75c98816-d8e4-470e-b0cb-861bd24df9f9",
      "DisplayName": "Notify Agent",
      "Description": "Call this flow from Power Virtual Agents.",
      "CreatedTime": "2020-06-11T20:58:21.35Z",
      "UpdatedTime": "2020-06-11T20:58:21.35Z"
    },
    {
      "TimeoutInSeconds": 60,
      "RetryCount": 1,
      "Method": 2,
      "Headers": {
        "accept": "application/json"
      },
      "BodyContent": "{\"text\":\"{f27160a4-f23f-40ad-9a02-6e79ae60e0db}\",\"text_1\":\"{5eb19ddd-334a-47e3-bf4f-d4d40ff5c9c8}\",\"text_2\":\"{14ad1a83-8a43-4ec0-b744-7988c6d19574}\",\"text_3\":\"{959e3f13-9c7e-4520-bc89-077871f507cf}\"}",
      "ActionType": "Flow",
      "FlowMetadata": {
        "Id": "ee3b3fd3-46a4-ea11-a812-000d3a33b5c3",
        "Title": "Notify Agent",
        "Description": "Call this flow from Power Virtual Agents.",
        "HttpMethod": 2,
        "InputParameters": [
          {
            "Name": "Order Number",
            "Id": "text",
            "Type": "String",
            "Optional": false
          },
          {
            "Name": "Delivery Method",
            "Id": "text_1",
            "Type": "String",
            "Optional": false
          },
          {
            "Name": "pickupLocation",
            "Id": "text_2",
            "Type": "String",
            "Optional": false
          },
          {
            "Name": "carType",
            "Id": "text_3",
            "Type": "String",
            "Optional": false
          }
        ],
        "OutputParameters": [
          {
            "Name": "Status",
            "Id": "status",
            "Type": "String",
            "Optional": true
          },
          {
            "Name": "ORderGUID",
            "Id": "orderguid",
            "Type": "String",
            "Optional": true
          }
        ],
        "OutputSchemaType": "Json",
        "CreatedTime": "2020-06-01T20:31:17Z",
        "IsEnabled": true,
        "LastModifiedTime": "2020-06-11T20:09:04Z"
      },
      "Id": "d754324f-73e0-40fa-b167-3a4a928fdd30",
      "DisplayName": "Notify Agent",
      "Description": "Call this flow from Power Virtual Agents.",
      "CreatedTime": "2020-06-11T20:58:51.584Z",
      "UpdatedTime": "2020-06-11T20:58:51.584Z"
    },
    {
      "TimeoutInSeconds": 60,
      "RetryCount": 1,
      "Method": 2,
      "Headers": {
        "accept": "application/json"
      },
      "BodyContent": "{\"text\":\"{f27160a4-f23f-40ad-9a02-6e79ae60e0db}\",\"text_1\":\"{1fe3862f-9e87-433b-87aa-d56dce0e730a}\",\"text_2\":\"{7d64ee8f-edb2-4c4c-8387-dc103be3fd96}\",\"text_3\":\"{06421471-187d-4e08-a42a-9f0ef8d8d7b8}\"}",
      "ActionType": "Flow",
      "FlowMetadata": {
        "Id": "ee3b3fd3-46a4-ea11-a812-000d3a33b5c3",
        "Title": "Notify Agent",
        "Description": "Call this flow from Power Virtual Agents.",
        "HttpMethod": 2,
        "InputParameters": [
          {
            "Name": "Order Number",
            "Id": "text",
            "Type": "String",
            "Optional": false
          },
          {
            "Name": "Delivery Method",
            "Id": "text_1",
            "Type": "String",
            "Optional": false
          },
          {
            "Name": "pickupLocation",
            "Id": "text_2",
            "Type": "String",
            "Optional": false
          },
          {
            "Name": "carType",
            "Id": "text_3",
            "Type": "String",
            "Optional": false
          }
        ],
        "OutputParameters": [
          {
            "Name": "Status",
            "Id": "status",
            "Type": "String",
            "Optional": true
          },
          {
            "Name": "ORderGUID",
            "Id": "orderguid",
            "Type": "String",
            "Optional": true
          }
        ],
        "OutputSchemaType": "Json",
        "CreatedTime": "2020-06-01T20:31:17Z",
        "IsEnabled": true,
        "LastModifiedTime": "2020-06-11T20:09:04Z"
      },
      "Id": "2afafa82-4e2b-42d4-8e3b-678837d08726",
      "DisplayName": "Notify Agent",
      "Description": "Call this flow from Power Virtual Agents.",
      "CreatedTime": "2020-06-11T20:59:24.589Z",
      "UpdatedTime": "2020-06-11T20:59:24.589Z"
    },
    {
      "TimeoutInSeconds": 60,
      "RetryCount": 1,
      "Method": 2,
      "Headers": {
        "accept": "application/json"
      },
      "BodyContent": "{\"number\":{2671fda6-a788-4d5b-95ce-a01fcea6f9a1},\"text\":\"{7e1203a0-6174-44f0-8b15-b07a1350ea7d}\"}",
      "ActionType": "Flow",
      "FlowMetadata": {
        "Id": "2b4f1b75-1dac-ea11-a812-000d3a5c2ece",
        "Title": "Customer Rating",
        "Description": "Call this flow from Power Virtual Agents.",
        "HttpMethod": 2,
        "InputParameters": [
          {
            "Name": "Number",
            "Id": "number",
            "Type": "Number",
            "Optional": false
          },
          {
            "Name": "Order",
            "Id": "text",
            "Type": "String",
            "Optional": false
          }
        ],
        "OutputSchemaType": "Json",
        "CreatedTime": "2020-06-11T19:55:19Z",
        "IsEnabled": true,
        "LastModifiedTime": "2020-06-11T20:18:23Z"
      },
      "Id": "3d23c8b0-6495-4cc4-b2c7-8a8af9be606e",
      "DisplayName": "Customer Rating",
      "Description": "Call this flow from Power Virtual Agents.",
      "CreatedTime": "2020-06-11T21:00:36.304Z",
      "UpdatedTime": "2020-06-11T21:00:36.304Z"
    },
    {
      "TimeoutInSeconds": 60,
      "RetryCount": 1,
      "Method": 2,
      "Headers": {
        "accept": "application/json"
      },
      "BodyContent": "{\"number\":{cc4d5707-4f2d-428e-ad54-233d11de1e17},\"text\":\"{138c0d88-ee3a-4353-8d21-c1a59439d5c8}\"}",
      "ActionType": "Flow",
      "FlowMetadata": {
        "Id": "2b4f1b75-1dac-ea11-a812-000d3a5c2ece",
        "Title": "Customer Rating",
        "Description": "Call this flow from Power Virtual Agents.",
        "HttpMethod": 2,
        "InputParameters": [
          {
            "Name": "Number",
            "Id": "number",
            "Type": "Number",
            "Optional": false
          },
          {
            "Name": "Order",
            "Id": "text",
            "Type": "String",
            "Optional": false
          }
        ],
        "OutputSchemaType": "Json",
        "CreatedTime": "2020-06-11T19:55:19Z",
        "IsEnabled": true,
        "LastModifiedTime": "2020-06-11T20:18:23Z"
      },
      "Id": "aa1f7e94-e55d-40d0-abb8-6359d2aaf36e",
      "DisplayName": "Customer Rating",
      "Description": "Call this flow from Power Virtual Agents.",
      "CreatedTime": "2020-06-11T21:02:31.544Z",
      "UpdatedTime": "2020-06-11T21:02:31.544Z"
    },
    {
      "TimeoutInSeconds": 60,
      "RetryCount": 1,
      "Method": 2,
      "Headers": {
        "accept": "application/json"
      },
      "BodyContent": "{\"number\":{6e1e3f9d-8cc6-4b04-aec5-bdad2662dafc},\"text\":\"{8948c039-bd52-4a4a-ac0e-0b7b17a56c87}\"}",
      "ActionType": "Flow",
      "FlowMetadata": {
        "Id": "2b4f1b75-1dac-ea11-a812-000d3a5c2ece",
        "Title": "Customer Rating",
        "Description": "Call this flow from Power Virtual Agents.",
        "HttpMethod": 2,
        "InputParameters": [
          {
            "Name": "Number",
            "Id": "number",
            "Type": "Number",
            "Optional": false
          },
          {
            "Name": "Order",
            "Id": "text",
            "Type": "String",
            "Optional": false
          }
        ],
        "OutputSchemaType": "Json",
        "CreatedTime": "2020-06-11T19:55:19Z",
        "IsEnabled": true,
        "LastModifiedTime": "2020-06-11T20:18:23Z"
      },
      "Id": "a1cca561-fdd1-4eb5-9a19-d4cb5ba80dfc",
      "DisplayName": "Customer Rating",
      "Description": "Call this flow from Power Virtual Agents.",
      "CreatedTime": "2020-06-11T21:05:32.345Z",
      "UpdatedTime": "2020-06-11T21:05:32.345Z"
    },
    {
      "TimeoutInSeconds": 60,
      "RetryCount": 1,
      "Method": 2,
      "Headers": {
        "accept": "application/json"
      },
      "BodyContent": "{\"number\":{95a2bd56-6b53-408b-bea7-4394965084d0},\"text\":\"{87ae0f5f-ae49-476b-baff-c37744c79fc4}\"}",
      "ActionType": "Flow",
      "FlowMetadata": {
        "Id": "2b4f1b75-1dac-ea11-a812-000d3a5c2ece",
        "Title": "Customer Rating",
        "Description": "Call this flow from Power Virtual Agents.",
        "HttpMethod": 2,
        "InputParameters": [
          {
            "Name": "Number",
            "Id": "number",
            "Type": "Number",
            "Optional": false
          },
          {
            "Name": "Order",
            "Id": "text",
            "Type": "String",
            "Optional": false
          }
        ],
        "OutputSchemaType": "Json",
        "CreatedTime": "2020-06-11T19:55:19Z",
        "IsEnabled": true,
        "LastModifiedTime": "2020-06-11T20:18:23Z"
      },
      "Id": "e68b0521-c360-4981-90b6-b00809d23a38",
      "DisplayName": "Customer Rating",
      "Description": "Call this flow from Power Virtual Agents.",
      "CreatedTime": "2020-06-11T21:06:46.351Z",
      "UpdatedTime": "2020-06-11T21:06:46.351Z"
    },
    {
      "TimeoutInSeconds": 60,
      "RetryCount": 1,
      "Method": 2,
      "Headers": {
        "accept": "application/json"
      },
      "BodyContent": "{\"number\":{8c94525e-eb5a-49cb-b031-82aade2036ed},\"text\":\"{d9ab2730-5393-4c4e-baf7-ec27a265df62}\"}",
      "ActionType": "Flow",
      "FlowMetadata": {
        "Id": "2b4f1b75-1dac-ea11-a812-000d3a5c2ece",
        "Title": "Customer Rating",
        "Description": "Call this flow from Power Virtual Agents.",
        "HttpMethod": 2,
        "InputParameters": [
          {
            "Name": "Number",
            "Id": "number",
            "Type": "Number",
            "Optional": false
          },
          {
            "Name": "Order",
            "Id": "text",
            "Type": "String",
            "Optional": false
          }
        ],
        "OutputSchemaType": "Json",
        "CreatedTime": "2020-06-11T19:55:19Z",
        "IsEnabled": true,
        "LastModifiedTime": "2020-06-11T20:18:23Z"
      },
      "Id": "ca357f6e-70a9-494f-a9a3-3f7e810e7414",
      "DisplayName": "Customer Rating",
      "Description": "Call this flow from Power Virtual Agents.",
      "CreatedTime": "2020-06-11T21:07:28.428Z",
      "UpdatedTime": "2020-06-11T21:07:28.428Z"
    }
  ],
  "ContextVariables": [
    {
      "ContextVariableType": "Regular",
      "SystemVariableTypes": [],
      "SystemType": "None",
      "InitializerType": "UserQuestion",
      "Scope": "Dialog",
      "GreedySlotFillingEnabled": true,
      "IsInput": false,
      "ExternalInitializationAllowed": false,
      "Messages": {
        "GetValue": [
          "67b980f6-421c-424a-8a2b-8b467ef4f1a9"
        ]
      },
      "IsGlobal": false,
      "Id": "d6039449-4881-4641-a268-9cf04d980a0f",
      "DisplayName": "Name",
      "CreatedTime": "2020-06-01T20:08:25.62Z",
      "UpdatedTime": "2020-06-01T20:08:25.62Z",
      "CreatedUserId": "user-0",
      "UpdatedUserId": "user-0"
    },
    {
      "ContextVariableType": "Regular",
      "SystemVariableTypes": [],
      "SystemType": "String",
      "InitializerType": "UserQuestion",
      "Scope": "Dialog",
      "GreedySlotFillingEnabled": true,
      "IsInput": false,
      "ExternalInitializationAllowed": false,
      "NamedEntityOptions": [
        "00775c42-62e6-4c10-a45d-f11037bd86e0",
        "32e012e4-a6a2-4019-b8a4-4a4de3a80b92"
      ],
      "Messages": {
        "GetValue": [
          "2665528f-ff47-4f8f-8e26-68108c654f33"
        ]
      },
      "IsGlobal": false,
      "Id": "5eb19ddd-334a-47e3-bf4f-d4d40ff5c9c8",
      "DisplayName": "DeliveryType",
      "CreatedTime": "2020-06-01T20:09:26.221Z",
      "UpdatedTime": "2020-06-01T20:09:26.221Z",
      "CreatedUserId": "user-0",
      "UpdatedUserId": "user-0"
    },
    {
      "ContextVariableType": "Regular",
      "SystemVariableTypes": [],
      "SystemType": "None",
      "InitializerType": "UserQuestion",
      "Scope": "Dialog",
      "GreedySlotFillingEnabled": true,
      "IsInput": false,
      "ExternalInitializationAllowed": false,
      "Messages": {
        "GetValue": [
          "315223ce-d6cf-42d0-8ba5-cb8099502bd8"
        ]
      },
      "IsGlobal": false,
      "Id": "eee7094e-be80-4c21-8d39-c8b50fb85d04",
      "DisplayName": "OrderNumber",
      "CreatedTime": "2020-06-01T20:32:48.852Z",
      "UpdatedTime": "2020-06-01T20:32:48.852Z",
      "CreatedUserId": "user-0",
      "UpdatedUserId": "user-0"
    },
    {
      "ContextVariableType": "Regular",
      "SystemVariableTypes": [],
      "SystemType": "None",
      "InitializerType": "UserQuestion",
      "Scope": "Dialog",
      "GreedySlotFillingEnabled": true,
      "IsInput": false,
      "ExternalInitializationAllowed": false,
      "Messages": {
        "GetValue": [
          "36635545-7762-485b-a47a-34a45acee6fb"
        ]
      },
      "IsGlobal": false,
      "Id": "14ad1a83-8a43-4ec0-b744-7988c6d19574",
      "DisplayName": "ParkingSpace",
      "CreatedTime": "2020-06-01T21:37:01.751Z",
      "UpdatedTime": "2020-06-01T21:37:01.751Z",
      "CreatedUserId": "user-0",
      "UpdatedUserId": "user-0"
    },
    {
      "ContextVariableType": "Regular",
      "SystemVariableTypes": [],
      "SystemType": "String",
      "InitializerType": "UserQuestion",
      "Scope": "Dialog",
      "GreedySlotFillingEnabled": true,
      "IsInput": false,
      "ExternalInitializationAllowed": false,
      "NamedEntityOptions": [
        "afe9ae79-b40a-4d25-a500-dee176d0fdfa",
        "43ea23ce-f22c-4309-9104-8c7e43fe520f"
      ],
      "Messages": {
        "GetValue": [
          "5f53eed7-f05e-49e1-b064-5189fb277957"
        ]
      },
      "IsGlobal": false,
      "Id": "db734264-4361-4f7e-b3ea-e014e9a132fd",
      "DisplayName": "Var",
      "CreatedTime": "2020-06-03T13:41:52.285Z",
      "UpdatedTime": "2020-06-03T13:41:52.285Z",
      "CreatedUserId": "user-0",
      "UpdatedUserId": "user-0"
    },
    {
      "ContextVariableType": "Regular",
      "SystemVariableTypes": [],
      "SystemType": "Custom",
      "CustomTypeId": "new_customtype_018a41eef9f4442281cb42b7ce084311_113b8280460142a694d8b1601cce5e37",
      "InitializerType": "Action",
      "Scope": "Dialog",
      "GreedySlotFillingEnabled": false,
      "IsInput": false,
      "ExternalInitializationAllowed": false,
      "Messages": {},
      "ActionId": "7f0ace4d-49bc-483f-aab6-74446f9ecdb8",
      "IsGlobal": false,
      "Id": "6e0acb17-5b2b-4b38-97bc-23668e4a113b",
      "DisplayName": "",
      "CreatedTime": "2020-06-03T13:40:14.494Z",
      "UpdatedTime": "2020-06-03T13:40:14.494Z",
      "CreatedUserId": "user-0",
      "UpdatedUserId": "user-0"
    },
    {
      "ContextVariableType": "Regular",
      "SystemVariableTypes": [],
      "SystemType": "String",
      "InitializerType": "Expression",
      "Scope": "Dialog",
      "GreedySlotFillingEnabled": false,
      "IsInput": false,
      "ExternalInitializationAllowed": false,
      "Messages": {},
      "Expression": "@parameters('6e0acb17-5b2b-4b38-97bc-23668e4a113b')['ordernumber']",
      "IsGlobal": false,
      "Id": "f27160a4-f23f-40ad-9a02-6e79ae60e0db",
      "DisplayName": "orderNumber1",
      "CreatedTime": "2020-06-03T13:40:14.494Z",
      "UpdatedTime": "2020-06-03T13:40:14.494Z",
      "CreatedUserId": "user-0",
      "UpdatedUserId": "user-0"
    },
    {
      "ContextVariableType": "Regular",
      "SystemVariableTypes": [],
      "SystemType": "None",
      "InitializerType": "UserQuestion",
      "Scope": "Dialog",
      "GreedySlotFillingEnabled": true,
      "IsInput": false,
      "ExternalInitializationAllowed": false,
      "Messages": {
        "GetValue": [
          "ba671c98-85a1-4fdc-906c-b48d9283f7af"
        ]
      },
      "IsGlobal": false,
      "Id": "7d64ee8f-edb2-4c4c-8387-dc103be3fd96",
      "DisplayName": "ParkingSpace1",
      "CreatedTime": "2020-06-03T13:43:32.579Z",
      "UpdatedTime": "2020-06-03T13:43:32.579Z",
      "CreatedUserId": "user-0",
      "UpdatedUserId": "user-0"
    },
    {
      "ContextVariableType": "Regular",
      "SystemVariableTypes": [],
      "SystemType": "String",
      "InitializerType": "UserQuestion",
      "Scope": "Dialog",
      "GreedySlotFillingEnabled": true,
      "IsInput": false,
      "ExternalInitializationAllowed": false,
      "NamedEntityOptions": [
        "936aca84-a00b-435a-a854-f5794511edf9",
        "792b3866-c9e8-4820-a712-8c31c1f0d79f"
      ],
      "Messages": {
        "GetValue": [
          "af7bf876-109a-4b19-98d4-c0bab25fc4ff"
        ]
      },
      "IsGlobal": false,
      "Id": "1fe3862f-9e87-433b-87aa-d56dce0e730a",
      "DisplayName": "deliverymethod",
      "CreatedTime": "2020-06-03T14:01:25.085Z",
      "UpdatedTime": "2020-06-03T14:01:25.085Z",
      "CreatedUserId": "user-0",
      "UpdatedUserId": "user-0"
    },
    {
      "ContextVariableType": "Regular",
      "SystemVariableTypes": [],
      "SystemType": "None",
      "InitializerType": "UserQuestion",
      "Scope": "Dialog",
      "GreedySlotFillingEnabled": true,
      "IsInput": false,
      "ExternalInitializationAllowed": false,
      "Messages": {
        "GetValue": [
          "65cb0daf-dce9-422b-879e-627a11c59526"
        ]
      },
      "IsGlobal": false,
      "Id": "06421471-187d-4e08-a42a-9f0ef8d8d7b8",
      "DisplayName": "Cartype1",
      "CreatedTime": "2020-06-03T16:06:49.038Z",
      "UpdatedTime": "2020-06-03T16:06:49.038Z",
      "CreatedUserId": "user-0",
      "UpdatedUserId": "user-0"
    },
    {
      "ContextVariableType": "Regular",
      "SystemVariableTypes": [],
      "SystemType": "None",
      "InitializerType": "UserQuestion",
      "Scope": "Dialog",
      "GreedySlotFillingEnabled": true,
      "IsInput": false,
      "ExternalInitializationAllowed": false,
      "Messages": {
        "GetValue": [
          "87ad2d4c-9ef3-4c82-aa77-d1aa7aac6342"
        ]
      },
      "IsGlobal": false,
      "Id": "959e3f13-9c7e-4520-bc89-077871f507cf",
      "DisplayName": "Car",
      "CreatedTime": "2020-06-03T18:27:17.553Z",
      "UpdatedTime": "2020-06-03T18:27:17.553Z",
      "CreatedUserId": "user-0",
      "UpdatedUserId": "user-0"
    },
    {
      "ContextVariableType": "Regular",
      "SystemVariableTypes": [],
      "SystemType": "None",
      "InitializerType": "UserQuestion",
      "Scope": "Dialog",
      "GreedySlotFillingEnabled": true,
      "IsInput": false,
      "ExternalInitializationAllowed": false,
      "Messages": {
        "GetValue": [
          "d46cbbb2-7f78-4fdc-a4fb-d9516562953f"
        ]
      },
      "IsGlobal": false,
      "Id": "86681132-8053-4ba5-9c44-dbc44586e71a",
      "DisplayName": "Order",
      "CreatedTime": "2020-06-03T18:38:58.473Z",
      "UpdatedTime": "2020-06-03T18:38:58.473Z",
      "CreatedUserId": "user-0",
      "UpdatedUserId": "user-0"
    },
    {
      "ContextVariableType": "Regular",
      "SystemVariableTypes": [],
      "SystemType": "None",
      "InitializerType": "UserQuestion",
      "Scope": "Dialog",
      "GreedySlotFillingEnabled": true,
      "IsInput": false,
      "ExternalInitializationAllowed": false,
      "Messages": {
        "GetValue": [
          "32816828-9a93-4296-a9cd-500ad65b0b8b"
        ]
      },
      "IsGlobal": false,
      "Id": "dcc92922-54b8-4486-bda5-a23df49da8e9",
      "DisplayName": "Car1",
      "CreatedTime": "2020-06-03T18:39:28.033Z",
      "UpdatedTime": "2020-06-03T18:39:28.033Z",
      "CreatedUserId": "user-0",
      "UpdatedUserId": "user-0"
    },
    {
      "ContextVariableType": "Regular",
      "SystemVariableTypes": [],
      "SystemType": "None",
      "InitializerType": "UserQuestion",
      "Scope": "Dialog",
      "GreedySlotFillingEnabled": true,
      "IsInput": false,
      "ExternalInitializationAllowed": false,
      "Messages": {
        "GetValue": [
          "b789c4e2-0feb-45fe-aca7-a4843e133da7"
        ]
      },
      "IsGlobal": false,
      "Id": "dc4f5807-c253-4a7a-b0bd-02db36d207af",
      "DisplayName": "ParkingSpot",
      "CreatedTime": "2020-06-03T18:40:10.452Z",
      "UpdatedTime": "2020-06-03T18:40:10.452Z",
      "CreatedUserId": "user-0",
      "UpdatedUserId": "user-0"
    },
    {
      "ContextVariableType": "Regular",
      "SystemVariableTypes": [],
      "SystemType": "String",
      "InitializerType": "UserQuestion",
      "Scope": "Dialog",
      "GreedySlotFillingEnabled": true,
      "IsInput": false,
      "ExternalInitializationAllowed": false,
      "NamedEntityOptions": [
        "fab307ea-5b66-4a03-aa81-638219941577",
        "3e169ac1-f9eb-4f76-b261-fedb418367e5"
      ],
      "Messages": {
        "GetValue": [
          "8d81234f-7758-44e4-9b27-0a0fed470369"
        ]
      },
      "IsGlobal": false,
      "Id": "84b16ef1-3955-4942-a141-352b854a0a35",
      "DisplayName": "Delivery",
      "CreatedTime": "2020-06-03T18:40:42.007Z",
      "UpdatedTime": "2020-06-03T18:40:42.007Z",
      "CreatedUserId": "user-0",
      "UpdatedUserId": "user-0"
    },
    {
      "ContextVariableType": "Regular",
      "SystemVariableTypes": [],
      "SystemType": "Number",
      "InitializerType": "UserQuestion",
      "Scope": "Dialog",
      "GreedySlotFillingEnabled": true,
      "IsInput": false,
      "ExternalInitializationAllowed": false,
      "Messages": {
        "GetValue": [
          "729c6e79-c252-4415-8ef9-26fc215b8a1f"
        ]
      },
      "IsGlobal": false,
      "Id": "e2921650-993a-4b43-ac4d-c7dfbe8ec13d",
      "DisplayName": "Rating",
      "CreatedTime": "2020-06-11T20:48:09.525Z",
      "UpdatedTime": "2020-06-11T20:48:09.525Z",
      "CreatedUserId": "user-0",
      "UpdatedUserId": "user-0"
    },
    {
      "ContextVariableType": "Regular",
      "SystemVariableTypes": [],
      "SystemType": "Custom",
      "CustomTypeId": "1e515148-eb55-4ccc-84f1-d112378b1abf",
      "InitializerType": "Action",
      "Scope": "Dialog",
      "GreedySlotFillingEnabled": false,
      "IsInput": false,
      "ExternalInitializationAllowed": false,
      "Messages": {},
      "ActionId": "d7f390e3-b7c1-4bf1-80c9-fb6a4dcc5b9d",
      "IsGlobal": false,
      "Id": "e8a1e4e9-a05a-4d78-a535-a5be2edbfa5a",
      "DisplayName": "",
      "CreatedTime": "2020-06-11T20:47:52.525Z",
      "UpdatedTime": "2020-06-11T20:47:52.525Z",
      "CreatedUserId": "user-0",
      "UpdatedUserId": "user-0"
    },
    {
      "ContextVariableType": "Regular",
      "SystemVariableTypes": [],
      "SystemType": "String",
      "InitializerType": "Expression",
      "Scope": "Dialog",
      "GreedySlotFillingEnabled": false,
      "IsInput": false,
      "ExternalInitializationAllowed": false,
      "Messages": {},
      "Expression": "@parameters('e8a1e4e9-a05a-4d78-a535-a5be2edbfa5a')['status']",
      "IsGlobal": false,
      "Id": "88bc52e3-04af-47bb-9976-8c1ac59da84d",
      "DisplayName": "Status1",
      "CreatedTime": "2020-06-11T20:47:52.525Z",
      "UpdatedTime": "2020-06-11T20:47:52.525Z",
      "CreatedUserId": "user-0",
      "UpdatedUserId": "user-0"
    },
    {
      "ContextVariableType": "Regular",
      "SystemVariableTypes": [],
      "SystemType": "String",
      "InitializerType": "Expression",
      "Scope": "Dialog",
      "GreedySlotFillingEnabled": false,
      "IsInput": false,
      "ExternalInitializationAllowed": false,
      "Messages": {},
      "Expression": "@parameters('e8a1e4e9-a05a-4d78-a535-a5be2edbfa5a')['orderguid']",
      "IsGlobal": false,
      "Id": "5ed68f19-2883-4c3e-b958-c9360139d0ae",
      "DisplayName": "ORderGUID1",
      "CreatedTime": "2020-06-11T20:47:52.528Z",
      "UpdatedTime": "2020-06-11T20:47:52.528Z",
      "CreatedUserId": "user-0",
      "UpdatedUserId": "user-0"
    },
    {
      "ContextVariableType": "Regular",
      "SystemVariableTypes": [],
      "SystemType": "Custom",
      "CustomTypeId": "d49da04e-2a30-4cab-8ac9-475787d4adc4",
      "InitializerType": "Action",
      "Scope": "Dialog",
      "GreedySlotFillingEnabled": false,
      "IsInput": false,
      "ExternalInitializationAllowed": false,
      "Messages": {},
      "ActionId": "fa87843e-3fde-4ea1-abdb-db78dbcf98b9",
      "IsGlobal": false,
      "Id": "0aa9d11c-0d9f-46c6-8a61-b93f1d126791",
      "DisplayName": "",
      "CreatedTime": "2020-06-11T20:48:53.211Z",
      "UpdatedTime": "2020-06-11T20:48:53.211Z",
      "CreatedUserId": "user-0",
      "UpdatedUserId": "user-0"
    },
    {
      "ContextVariableType": "Regular",
      "SystemVariableTypes": [],
      "SystemType": "Custom",
      "CustomTypeId": "46ee73f5-ce83-46af-ad97-f86b8078f326",
      "InitializerType": "Action",
      "Scope": "Dialog",
      "GreedySlotFillingEnabled": false,
      "IsInput": false,
      "ExternalInitializationAllowed": false,
      "Messages": {},
      "ActionId": "5d6af797-a79d-4452-aca3-8f5537243274",
      "IsGlobal": false,
      "Id": "132d6488-4ad4-4b35-b25a-7b5c3a399da0",
      "DisplayName": "",
      "CreatedTime": "2020-06-11T20:56:36.074Z",
      "UpdatedTime": "2020-06-11T20:56:36.074Z",
      "CreatedUserId": "user-0",
      "UpdatedUserId": "user-0"
    },
    {
      "ContextVariableType": "Regular",
      "SystemVariableTypes": [],
      "SystemType": "String",
      "InitializerType": "Expression",
      "Scope": "Dialog",
      "GreedySlotFillingEnabled": false,
      "IsInput": false,
      "ExternalInitializationAllowed": false,
      "Messages": {},
      "Expression": "@parameters('132d6488-4ad4-4b35-b25a-7b5c3a399da0')['status']",
      "IsGlobal": false,
      "Id": "0e9e9124-c283-4017-84b2-8544f9056df4",
      "DisplayName": "Status4",
      "CreatedTime": "2020-06-11T20:56:36.074Z",
      "UpdatedTime": "2020-06-11T20:56:36.074Z",
      "CreatedUserId": "user-0",
      "UpdatedUserId": "user-0"
    },
    {
      "ContextVariableType": "Regular",
      "SystemVariableTypes": [],
      "SystemType": "String",
      "InitializerType": "Expression",
      "Scope": "Dialog",
      "GreedySlotFillingEnabled": false,
      "IsInput": false,
      "ExternalInitializationAllowed": false,
      "Messages": {},
      "Expression": "@parameters('132d6488-4ad4-4b35-b25a-7b5c3a399da0')['orderguid']",
      "IsGlobal": false,
      "Id": "138c0d88-ee3a-4353-8d21-c1a59439d5c8",
      "DisplayName": "ORderGUID2",
      "CreatedTime": "2020-06-11T20:56:36.075Z",
      "UpdatedTime": "2020-06-11T20:56:36.075Z",
      "CreatedUserId": "user-0",
      "UpdatedUserId": "user-0"
    },
    {
      "ContextVariableType": "Regular",
      "SystemVariableTypes": [],
      "SystemType": "Custom",
      "CustomTypeId": "d89f2c82-befe-4e18-9f4c-b7bff6832c63",
      "InitializerType": "Action",
      "Scope": "Dialog",
      "GreedySlotFillingEnabled": false,
      "IsInput": false,
      "ExternalInitializationAllowed": false,
      "Messages": {},
      "ActionId": "8f0e8607-1a3e-4c68-86aa-a5e4ad52e1c8",
      "IsGlobal": false,
      "Id": "58904b2d-e419-4961-9032-b64669d9da0e",
      "DisplayName": "",
      "CreatedTime": "2020-06-11T20:57:37.324Z",
      "UpdatedTime": "2020-06-11T20:57:37.324Z",
      "CreatedUserId": "user-0",
      "UpdatedUserId": "user-0"
    },
    {
      "ContextVariableType": "Regular",
      "SystemVariableTypes": [],
      "SystemType": "String",
      "InitializerType": "Expression",
      "Scope": "Dialog",
      "GreedySlotFillingEnabled": false,
      "IsInput": false,
      "ExternalInitializationAllowed": false,
      "Messages": {},
      "Expression": "@parameters('58904b2d-e419-4961-9032-b64669d9da0e')['status']",
      "IsGlobal": false,
      "Id": "0eeda4a3-80dc-4a27-868d-4cc4c5ba8923",
      "DisplayName": "Status5",
      "CreatedTime": "2020-06-11T20:57:37.324Z",
      "UpdatedTime": "2020-06-11T20:57:37.324Z",
      "CreatedUserId": "user-0",
      "UpdatedUserId": "user-0"
    },
    {
      "ContextVariableType": "Regular",
      "SystemVariableTypes": [],
      "SystemType": "String",
      "InitializerType": "Expression",
      "Scope": "Dialog",
      "GreedySlotFillingEnabled": false,
      "IsInput": false,
      "ExternalInitializationAllowed": false,
      "Messages": {},
      "Expression": "@parameters('58904b2d-e419-4961-9032-b64669d9da0e')['orderguid']",
      "IsGlobal": false,
      "Id": "8948c039-bd52-4a4a-ac0e-0b7b17a56c87",
      "DisplayName": "ORderGUID3",
      "CreatedTime": "2020-06-11T20:57:37.324Z",
      "UpdatedTime": "2020-06-11T20:57:37.324Z",
      "CreatedUserId": "user-0",
      "UpdatedUserId": "user-0"
    },
    {
      "ContextVariableType": "Regular",
      "SystemVariableTypes": [],
      "SystemType": "Custom",
      "CustomTypeId": "10c7cf12-11ba-4dc5-87a4-a15a958e3abb",
      "InitializerType": "Action",
      "Scope": "Dialog",
      "GreedySlotFillingEnabled": false,
      "IsInput": false,
      "ExternalInitializationAllowed": false,
      "Messages": {},
      "ActionId": "75c98816-d8e4-470e-b0cb-861bd24df9f9",
      "IsGlobal": false,
      "Id": "a84d6f4d-5e4a-427b-b606-0c29ee7ed643",
      "DisplayName": "",
      "CreatedTime": "2020-06-11T20:58:21.35Z",
      "UpdatedTime": "2020-06-11T20:58:21.35Z",
      "CreatedUserId": "user-0",
      "UpdatedUserId": "user-0"
    },
    {
      "ContextVariableType": "Regular",
      "SystemVariableTypes": [],
      "SystemType": "String",
      "InitializerType": "Expression",
      "Scope": "Dialog",
      "GreedySlotFillingEnabled": false,
      "IsInput": false,
      "ExternalInitializationAllowed": false,
      "Messages": {},
      "Expression": "@parameters('a84d6f4d-5e4a-427b-b606-0c29ee7ed643')['status']",
      "IsGlobal": false,
      "Id": "8360a938-1594-4f59-a346-14ca21dc5b32",
      "DisplayName": "Status",
      "CreatedTime": "2020-06-11T20:58:21.35Z",
      "UpdatedTime": "2020-06-11T20:58:21.35Z",
      "CreatedUserId": "user-0",
      "UpdatedUserId": "user-0"
    },
    {
      "ContextVariableType": "Regular",
      "SystemVariableTypes": [],
      "SystemType": "String",
      "InitializerType": "Expression",
      "Scope": "Dialog",
      "GreedySlotFillingEnabled": false,
      "IsInput": false,
      "ExternalInitializationAllowed": false,
      "Messages": {},
      "Expression": "@parameters('a84d6f4d-5e4a-427b-b606-0c29ee7ed643')['orderguid']",
      "IsGlobal": false,
      "Id": "87ae0f5f-ae49-476b-baff-c37744c79fc4",
      "DisplayName": "ORderGUID4",
      "CreatedTime": "2020-06-11T20:58:21.35Z",
      "UpdatedTime": "2020-06-11T20:58:21.35Z",
      "CreatedUserId": "user-0",
      "UpdatedUserId": "user-0"
    },
    {
      "ContextVariableType": "Regular",
      "SystemVariableTypes": [],
      "SystemType": "Custom",
      "CustomTypeId": "0f2ed88f-97a7-4bf7-9e90-a834f37011c3",
      "InitializerType": "Action",
      "Scope": "Dialog",
      "GreedySlotFillingEnabled": false,
      "IsInput": false,
      "ExternalInitializationAllowed": false,
      "Messages": {},
      "ActionId": "d754324f-73e0-40fa-b167-3a4a928fdd30",
      "IsGlobal": false,
      "Id": "87a5c961-b398-4b38-a946-9240ea58c1a4",
      "DisplayName": "",
      "CreatedTime": "2020-06-11T20:58:51.584Z",
      "UpdatedTime": "2020-06-11T20:58:51.584Z",
      "CreatedUserId": "user-0",
      "UpdatedUserId": "user-0"
    },
    {
      "ContextVariableType": "Regular",
      "SystemVariableTypes": [],
      "SystemType": "String",
      "InitializerType": "Expression",
      "Scope": "Dialog",
      "GreedySlotFillingEnabled": false,
      "IsInput": false,
      "ExternalInitializationAllowed": false,
      "Messages": {},
      "Expression": "@parameters('87a5c961-b398-4b38-a946-9240ea58c1a4')['status']",
      "IsGlobal": false,
      "Id": "26d21b9b-1556-4111-b27b-019de72397ed",
      "DisplayName": "Status3",
      "CreatedTime": "2020-06-11T20:58:51.584Z",
      "UpdatedTime": "2020-06-11T20:58:51.584Z",
      "CreatedUserId": "user-0",
      "UpdatedUserId": "user-0"
    },
    {
      "ContextVariableType": "Regular",
      "SystemVariableTypes": [],
      "SystemType": "String",
      "InitializerType": "Expression",
      "Scope": "Dialog",
      "GreedySlotFillingEnabled": false,
      "IsInput": false,
      "ExternalInitializationAllowed": false,
      "Messages": {},
      "Expression": "@parameters('87a5c961-b398-4b38-a946-9240ea58c1a4')['orderguid']",
      "IsGlobal": false,
      "Id": "d9ab2730-5393-4c4e-baf7-ec27a265df62",
      "DisplayName": "ORderGUID5",
      "CreatedTime": "2020-06-11T20:58:51.584Z",
      "UpdatedTime": "2020-06-11T20:58:51.584Z",
      "CreatedUserId": "user-0",
      "UpdatedUserId": "user-0"
    },
    {
      "ContextVariableType": "Regular",
      "SystemVariableTypes": [],
      "SystemType": "Custom",
      "CustomTypeId": "4793c87b-f227-449c-925e-008e33b405cb",
      "InitializerType": "Action",
      "Scope": "Dialog",
      "GreedySlotFillingEnabled": false,
      "IsInput": false,
      "ExternalInitializationAllowed": false,
      "Messages": {},
      "ActionId": "2afafa82-4e2b-42d4-8e3b-678837d08726",
      "IsGlobal": false,
      "Id": "f0d80c51-218d-4260-8f9e-e9c156d7ac6b",
      "DisplayName": "",
      "CreatedTime": "2020-06-11T20:59:24.59Z",
      "UpdatedTime": "2020-06-11T20:59:24.59Z",
      "CreatedUserId": "user-0",
      "UpdatedUserId": "user-0"
    },
    {
      "ContextVariableType": "Regular",
      "SystemVariableTypes": [],
      "SystemType": "String",
      "InitializerType": "Expression",
      "Scope": "Dialog",
      "GreedySlotFillingEnabled": false,
      "IsInput": false,
      "ExternalInitializationAllowed": false,
      "Messages": {},
      "Expression": "@parameters('f0d80c51-218d-4260-8f9e-e9c156d7ac6b')['status']",
      "IsGlobal": false,
      "Id": "f207144e-b144-4a69-b882-5165d0ba6ac0",
      "DisplayName": "Status2",
      "CreatedTime": "2020-06-11T20:59:24.59Z",
      "UpdatedTime": "2020-06-11T20:59:24.59Z",
      "CreatedUserId": "user-0",
      "UpdatedUserId": "user-0"
    },
    {
      "ContextVariableType": "Regular",
      "SystemVariableTypes": [],
      "SystemType": "String",
      "InitializerType": "Expression",
      "Scope": "Dialog",
      "GreedySlotFillingEnabled": false,
      "IsInput": false,
      "ExternalInitializationAllowed": false,
      "Messages": {},
      "Expression": "@parameters('f0d80c51-218d-4260-8f9e-e9c156d7ac6b')['orderguid']",
      "IsGlobal": false,
      "Id": "7e1203a0-6174-44f0-8b15-b07a1350ea7d",
      "DisplayName": "ORderGUID6",
      "CreatedTime": "2020-06-11T20:59:24.59Z",
      "UpdatedTime": "2020-06-11T20:59:24.59Z",
      "CreatedUserId": "user-0",
      "UpdatedUserId": "user-0"
    },
    {
      "ContextVariableType": "Regular",
      "SystemVariableTypes": [],
      "SystemType": "Number",
      "InitializerType": "UserQuestion",
      "Scope": "Dialog",
      "GreedySlotFillingEnabled": true,
      "IsInput": false,
      "ExternalInitializationAllowed": false,
      "Messages": {
        "GetValue": [
          "f6affc9f-bbe2-42b7-ac1c-f74516acaf37"
        ]
      },
      "IsGlobal": false,
      "Id": "2671fda6-a788-4d5b-95ce-a01fcea6f9a1",
      "DisplayName": "Rating2",
      "CreatedTime": "2020-06-11T21:00:16.227Z",
      "UpdatedTime": "2020-06-11T21:00:16.227Z",
      "CreatedUserId": "user-0",
      "UpdatedUserId": "user-0"
    },
    {
      "ContextVariableType": "Regular",
      "SystemVariableTypes": [],
      "SystemType": "Number",
      "InitializerType": "UserQuestion",
      "Scope": "Dialog",
      "GreedySlotFillingEnabled": true,
      "IsInput": false,
      "ExternalInitializationAllowed": false,
      "Messages": {
        "GetValue": [
          "1f8fe4f1-5949-464b-aa4a-a5eb93d4096a"
        ]
      },
      "IsGlobal": false,
      "Id": "cc4d5707-4f2d-428e-ad54-233d11de1e17",
      "DisplayName": "Rating1",
      "CreatedTime": "2020-06-11T21:01:03.027Z",
      "UpdatedTime": "2020-06-11T21:01:03.027Z",
      "CreatedUserId": "user-0",
      "UpdatedUserId": "user-0"
    },
    {
      "ContextVariableType": "Regular",
      "SystemVariableTypes": [],
      "SystemType": "Number",
      "InitializerType": "UserQuestion",
      "Scope": "Dialog",
      "GreedySlotFillingEnabled": true,
      "IsInput": false,
      "ExternalInitializationAllowed": false,
      "Messages": {
        "GetValue": [
          "9c96e82e-45b2-4896-850f-70a9c7de7b11"
        ]
      },
      "IsGlobal": false,
      "Id": "6e1e3f9d-8cc6-4b04-aec5-bdad2662dafc",
      "DisplayName": "Rating3",
      "CreatedTime": "2020-06-11T21:03:02.198Z",
      "UpdatedTime": "2020-06-11T21:03:02.198Z",
      "CreatedUserId": "user-0",
      "UpdatedUserId": "user-0"
    },
    {
      "ContextVariableType": "Regular",
      "SystemVariableTypes": [],
      "SystemType": "Number",
      "InitializerType": "UserQuestion",
      "Scope": "Dialog",
      "GreedySlotFillingEnabled": true,
      "IsInput": false,
      "ExternalInitializationAllowed": false,
      "Messages": {
        "GetValue": [
          "8736117e-38fd-482e-9e2c-17b973c90f9c"
        ]
      },
      "IsGlobal": false,
      "Id": "95a2bd56-6b53-408b-bea7-4394965084d0",
      "DisplayName": "Rating5",
      "CreatedTime": "2020-06-11T21:06:14.232Z",
      "UpdatedTime": "2020-06-11T21:06:14.232Z",
      "CreatedUserId": "user-0",
      "UpdatedUserId": "user-0"
    },
    {
      "ContextVariableType": "Regular",
      "SystemVariableTypes": [],
      "SystemType": "Number",
      "InitializerType": "UserQuestion",
      "Scope": "Dialog",
      "GreedySlotFillingEnabled": true,
      "IsInput": false,
      "ExternalInitializationAllowed": false,
      "Messages": {
        "GetValue": [
          "4ed9ae42-f3ec-4d7d-af3d-3746c9994c9d"
        ]
      },
      "IsGlobal": false,
      "Id": "8c94525e-eb5a-49cb-b031-82aade2036ed",
      "DisplayName": "Rating7",
      "CreatedTime": "2020-06-11T21:06:57.891Z",
      "UpdatedTime": "2020-06-11T21:06:57.891Z",
      "CreatedUserId": "user-0",
      "UpdatedUserId": "user-0"
    },
    {
      "ContextVariableType": "Regular",
      "SystemVariableTypes": [],
      "SystemType": "Custom",
      "CustomTypeId": "49298d9a-504e-4b26-87a5-9546f843b726",
      "InitializerType": "Action",
      "Scope": "Dialog",
      "GreedySlotFillingEnabled": false,
      "IsInput": false,
      "ExternalInitializationAllowed": false,
      "Messages": {},
      "ActionId": "3d23c8b0-6495-4cc4-b2c7-8a8af9be606e",
      "IsGlobal": false,
      "Id": "d8367a52-c9f2-43fb-a33b-db505ca7134d",
      "DisplayName": "",
      "CreatedTime": "2020-06-11T21:00:36.305Z",
      "UpdatedTime": "2020-06-11T21:00:36.305Z",
      "CreatedUserId": "user-0",
      "UpdatedUserId": "user-0"
    },
    {
      "ContextVariableType": "Regular",
      "SystemVariableTypes": [],
      "SystemType": "Custom",
      "CustomTypeId": "aae25180-6cc7-49c4-83d8-e7f654d6cb11",
      "InitializerType": "Action",
      "Scope": "Dialog",
      "GreedySlotFillingEnabled": false,
      "IsInput": false,
      "ExternalInitializationAllowed": false,
      "Messages": {},
      "ActionId": "aa1f7e94-e55d-40d0-abb8-6359d2aaf36e",
      "IsGlobal": false,
      "Id": "f10575d4-c2a6-4acf-b532-95f65808a543",
      "DisplayName": "",
      "CreatedTime": "2020-06-11T21:02:31.545Z",
      "UpdatedTime": "2020-06-11T21:02:31.545Z",
      "CreatedUserId": "user-0",
      "UpdatedUserId": "user-0"
    },
    {
      "ContextVariableType": "Regular",
      "SystemVariableTypes": [],
      "SystemType": "Custom",
      "CustomTypeId": "b0c83fc1-f391-4b1b-a0eb-9b98ecbcb1c9",
      "InitializerType": "Action",
      "Scope": "Dialog",
      "GreedySlotFillingEnabled": false,
      "IsInput": false,
      "ExternalInitializationAllowed": false,
      "Messages": {},
      "ActionId": "a1cca561-fdd1-4eb5-9a19-d4cb5ba80dfc",
      "IsGlobal": false,
      "Id": "c8d3ccc7-d8db-441f-aa8f-dc35a9c6abee",
      "DisplayName": "",
      "CreatedTime": "2020-06-11T21:05:32.345Z",
      "UpdatedTime": "2020-06-11T21:05:32.345Z",
      "CreatedUserId": "user-0",
      "UpdatedUserId": "user-0"
    },
    {
      "ContextVariableType": "Regular",
      "SystemVariableTypes": [],
      "SystemType": "Custom",
      "CustomTypeId": "1a14a4e4-989f-4f0b-a3e0-3c384efac988",
      "InitializerType": "Action",
      "Scope": "Dialog",
      "GreedySlotFillingEnabled": false,
      "IsInput": false,
      "ExternalInitializationAllowed": false,
      "Messages": {},
      "ActionId": "e68b0521-c360-4981-90b6-b00809d23a38",
      "IsGlobal": false,
      "Id": "6178f7d6-05ec-4e5c-9102-ade4025707ad",
      "DisplayName": "",
      "CreatedTime": "2020-06-11T21:06:46.351Z",
      "UpdatedTime": "2020-06-11T21:06:46.351Z",
      "CreatedUserId": "user-0",
      "UpdatedUserId": "user-0"
    },
    {
      "ContextVariableType": "Regular",
      "SystemVariableTypes": [],
      "SystemType": "Custom",
      "CustomTypeId": "7a5e8dce-63f5-4d64-9238-70487a717506",
      "InitializerType": "Action",
      "Scope": "Dialog",
      "GreedySlotFillingEnabled": false,
      "IsInput": false,
      "ExternalInitializationAllowed": false,
      "Messages": {},
      "ActionId": "ca357f6e-70a9-494f-a9a3-3f7e810e7414",
      "IsGlobal": false,
      "Id": "d10ded57-19c4-4c7b-8e06-df40c3dde249",
      "DisplayName": "",
      "CreatedTime": "2020-06-11T21:07:28.429Z",
      "UpdatedTime": "2020-06-11T21:07:28.429Z",
      "CreatedUserId": "user-0",
      "UpdatedUserId": "user-0"
    }
  ],
  "JsonTypes": [
    {
      "CustomTypeSchema": "Json",
      "Id": "new_customtype_018a41eef9f4442281cb42b7ce084311_113b8280460142a694d8b1601cce5e37",
      "DisplayName": "Response Json Type for Flow - Power Virtual Agents Flow Template",
      "CreatedTime": "2020-06-03T13:40:14.494Z",
      "UpdatedTime": "2020-06-03T13:40:14.494Z"
    },
    {
      "CustomTypeSchema": "Json",
      "Id": "1e515148-eb55-4ccc-84f1-d112378b1abf",
      "DisplayName": "Response Json Type for Flow - Notify Agent",
      "CreatedTime": "2020-06-11T20:47:52.525Z",
      "UpdatedTime": "2020-06-11T20:47:52.525Z"
    },
    {
      "CustomTypeSchema": "Json",
      "Id": "d49da04e-2a30-4cab-8ac9-475787d4adc4",
      "DisplayName": "Response Json Type for Flow - Customer Rating",
      "CreatedTime": "2020-06-11T20:48:53.211Z",
      "UpdatedTime": "2020-06-11T20:48:53.211Z"
    },
    {
      "CustomTypeSchema": "Json",
      "Id": "46ee73f5-ce83-46af-ad97-f86b8078f326",
      "DisplayName": "Response Json Type for Flow - Notify Agent",
      "CreatedTime": "2020-06-11T20:56:36.074Z",
      "UpdatedTime": "2020-06-11T20:56:36.074Z"
    },
    {
      "CustomTypeSchema": "Json",
      "Id": "d89f2c82-befe-4e18-9f4c-b7bff6832c63",
      "DisplayName": "Response Json Type for Flow - Notify Agent",
      "CreatedTime": "2020-06-11T20:57:37.324Z",
      "UpdatedTime": "2020-06-11T20:57:37.324Z"
    },
    {
      "CustomTypeSchema": "Json",
      "Id": "10c7cf12-11ba-4dc5-87a4-a15a958e3abb",
      "DisplayName": "Response Json Type for Flow - Notify Agent",
      "CreatedTime": "2020-06-11T20:58:21.35Z",
      "UpdatedTime": "2020-06-11T20:58:21.35Z"
    },
    {
      "CustomTypeSchema": "Json",
      "Id": "0f2ed88f-97a7-4bf7-9e90-a834f37011c3",
      "DisplayName": "Response Json Type for Flow - Notify Agent",
      "CreatedTime": "2020-06-11T20:58:51.584Z",
      "UpdatedTime": "2020-06-11T20:58:51.584Z"
    },
    {
      "CustomTypeSchema": "Json",
      "Id": "4793c87b-f227-449c-925e-008e33b405cb",
      "DisplayName": "Response Json Type for Flow - Notify Agent",
      "CreatedTime": "2020-06-11T20:59:24.59Z",
      "UpdatedTime": "2020-06-11T20:59:24.59Z"
    },
    {
      "CustomTypeSchema": "Json",
      "Id": "49298d9a-504e-4b26-87a5-9546f843b726",
      "DisplayName": "Response Json Type for Flow - Customer Rating",
      "CreatedTime": "2020-06-11T21:00:36.305Z",
      "UpdatedTime": "2020-06-11T21:00:36.305Z"
    },
    {
      "CustomTypeSchema": "Json",
      "Id": "aae25180-6cc7-49c4-83d8-e7f654d6cb11",
      "DisplayName": "Response Json Type for Flow - Customer Rating",
      "CreatedTime": "2020-06-11T21:02:31.545Z",
      "UpdatedTime": "2020-06-11T21:02:31.545Z"
    },
    {
      "CustomTypeSchema": "Json",
      "Id": "b0c83fc1-f391-4b1b-a0eb-9b98ecbcb1c9",
      "DisplayName": "Response Json Type for Flow - Customer Rating",
      "CreatedTime": "2020-06-11T21:05:32.345Z",
      "UpdatedTime": "2020-06-11T21:05:32.345Z"
    },
    {
      "CustomTypeSchema": "Json",
      "Id": "1a14a4e4-989f-4f0b-a3e0-3c384efac988",
      "DisplayName": "Response Json Type for Flow - Customer Rating",
      "CreatedTime": "2020-06-11T21:06:46.351Z",
      "UpdatedTime": "2020-06-11T21:06:46.351Z"
    },
    {
      "CustomTypeSchema": "Json",
      "Id": "7a5e8dce-63f5-4d64-9238-70487a717506",
      "DisplayName": "Response Json Type for Flow - Customer Rating",
      "CreatedTime": "2020-06-11T21:07:28.429Z",
      "UpdatedTime": "2020-06-11T21:07:28.429Z"
    }
  ],
  "SystemIntentIds": {},
  "SystemVariableIds": {},
  "SystemNamedEntityIds": {}
}